time,lut_csv,divider,pll_clk_o_en,clk_div_en,set_div_freq,clk_div_val,total_div,f_vco,kvco_target,vco_tune_coarse,vco_current_min,vco_current_max,vctrl_pred,kvco_pred,f_ref,locked,f_out,f_pll_out,pll_div,ext_div,offset_max,f_out_meas,f_vco_meas,n_meas,divider_ok,carrier_dbm,n_averages,time_jitter_ps,phase_jitter_out_mrad,phase_jitter_pll_mrad,phase_jitter_vco_mrad,time_jitter_trace_ps,phase_jitter_trace_out_mrad,time_jitter_noise_ps,time_jitter_spur_ps,n_spurs,spurs,common_band,time_jitter_common_ps,time_jitter_trace_common_ps,detector,average_type,L_out_1000,L_out_10000,L_out_100000,L_out_1000000,L_out_10000000,L_out_50000000,L_pll_1000,L_pll_10000,L_pll_100000,L_pll_1000000,L_pll_10000000,L_pll_50000000,L_vco_1000,L_vco_10000,L_vco_100000,L_vco_1000000,L_vco_10000000,L_vco_50000000,status,pll_vdd,pll_i,pll_p
2026-10-05T17:47:53,vco_lut_S5_20261001_161638.csv,int /8,1,1,3,49,8,1000000000.0,1146905830.5499647,2,11,4,0.673246069446149,1145986080.0000014,7812500.0,1,125000000.0,125000000.0,8,1.0,50000000.0,124999924.0,999999392.0,8.000004864002957,1,-3.95189666748,10,1258.7770812531278,988.6406066491528,988.6406066491528,7909.124853193222,1740.6343716482543,1367.0902074476587,1614.8086051366913,649.7701012972253,11,4815 Hz: -37.2 dBc; 9645 Hz: -41.9 dBc; 52800 Hz: -20.8 dBc; 358500 Hz: -22.3 dBc; 717000 Hz: -9.2 dBc; 7815000 Hz: -28.2 dBc; 15650000 Hz: -37.9 dBc; 23450000 Hz: -42.4 dBc; 31250000 Hz: -46.9 dBc; 39100000 Hz: -48.1 dBc; 46900000 Hz: -56.0 dBc,1000-1e+06,1009.5795154958511,1290.9274099499362,RMS,POWer,-68.048040592,-67.5384479747,-65.617395603,-64.5679750779,-94.5404865938,-121.620426268,-68.048040592,-67.5384479747,-65.617395603,-64.5679750779,-94.5404865938,-121.620426268,-49.98624085216113,-49.47664823486113,-47.55559586316113,-46.50617533806113,-76.47868685396112,-103.55862652816113,ok,0.74997843,0.0005311575799999999,0.0003983567279309993
2026-10-05T17:48:10,vco_lut_S5_20261001_161638.csv,int /16,1,1,4,49,16,1000000000.0,1146905830.5499647,2,11,4,0.673246069446149,1145986080.0000014,7812500.0,1,62500000.0,62500000.0,16,1.0,10000000.0,62499963.5,999999416.0,16.000009344005456,1,0.61307007074,10,861.5894885747794,338.3452033708751,338.3452033708751,5413.523253934001,1392.7374135323776,546.9263839364261,1276.4353668168205,557.1626848525176,7,4815 Hz: -47.7 dBc; 9645 Hz: -52.7 dBc; 51900 Hz: -40.6 dBc; 77850 Hz: -40.8 dBc; 358500 Hz: -35.5 dBc; 717000 Hz: -16.2 dBc; 7815000 Hz: -39.6 dBc,1000-1e+06,690.1663265819022,1101.391518808041,RMS,POWer,-79.8112634277,-79.398778866,-76.6266673099,-73.0287900319,-107.209962571,,-79.8112634277,-79.398778866,-76.6266673099,-73.0287900319,-107.209962571,,-55.7288637745815,-55.3163792128815,-52.5442676567815,-48.9463903787815,-83.1275629178815,,ok,0.74997826,0.0005255711399999999,0.00039416692908341637
2026-10-05T17:48:24,vco_lut_S5_20261001_161638.csv,int /32,1,1,5,49,32,1000000000.0,1146905830.5499647,2,11,4,0.673246069446149,1145986080.0000014,7812500.0,1,31250000.0,31250000.0,32,1.0,10000000.0,31249981.8,999999417.6,32.00001863681085,1,-1.83971464634,10,726.721934616706,142.69143508361014,142.69143508361014,4566.125922675525,1275.5478079328564,250.4530805550676,1147.573938183133,556.8628796437864,8,4815 Hz: -60.2 dBc; 9630 Hz: -63.8 dBc; 52950 Hz: -46.8 dBc; 717000 Hz: -22.1 dBc; 6750000 Hz: -53.4 dBc; 7110000 Hz: -50.6 dBc; 7815000 Hz: -49.3 dBc; 8535000 Hz: -51.7 dBc,1000-1e+06,526.4295122912918,1027.1169189841096,RMS,POWer,-92.0133913107,-90.3623634069,-90.4291874785,-79.5666938512,-112.28115658,,-92.0133913107,-90.3623634069,-90.4291874785,-79.5666938512,-112.28115658,,-61.910391744301876,-60.25936384050188,-60.32618791210187,-49.463694284801875,-82.17815701360188,,ok,0.7499783200000001,0.0005194331399999999,0.0003895635936895248
2026-10-05T17:48:38,vco_lut_S5_20261001_161638.csv,int /64,1,1,6,49,64,1000000000.0,1146905830.5499647,2,11,4,0.673246069446149,1145986080.0000014,7812500.0,1,15625000.0,15625000.0,64,1.0,1000000.0,15624990.9,999999417.6,64.0000372736217,1,-3.08688807487,10,500.23632718427774,49.110557977396475,49.110557977396475,3143.0757105533744,967.2625189745153,94.96072043556595,863.1334464516015,436.5746605444537,5,4815 Hz: -69.7 dBc; 9630 Hz: -74.5 dBc; 25200 Hz: -64.6 dBc; 52500 Hz: -56.3 dBc; 717000 Hz: -30.2 dBc,1000-1e+06,500.23632718427774,967.2625189745153,RMS,POWer,-102.175382655,-100.989044118,-97.6047838278,-85.8244213059,,,-102.175382655,-100.989044118,-97.6047838278,-85.8244213059,,,-66.05178317532227,-64.86544463832226,-61.48118434812226,-49.70082182622226,,,ok,0.7499789,0.0005175325000000001,0.00038813845506425007
2026-10-05T17:48:50,vco_lut_S5_20261001_161638.csv,int /128,1,1,7,49,128,1000000000.0,1146905830.5499647,2,11,4,0.673246069446149,1145986080.0000014,7812500.0,1,7812500.0,7812500.0,128,1.0,1000000.0,7812493.9,999999219.2,128.00009994247802,1,-4.54001760483,10,496.09516348056223,24.351995377696568,24.351995377696568,3117.0554083451607,1008.241793249546,49.491914649104324,896.2321488124841,461.8651849728639,4,4815 Hz: -79.7 dBc; 9645 Hz: -83.3 dBc; 53100 Hz: -70.3 dBc; 717000 Hz: -35.8 dBc,1000-1e+06,496.09516348056223,1008.241793249546,RMS,POWer,-110.575909352,-110.929552433,-106.957136284,-91.1766267844,,,-110.575909352,-110.929552433,-106.957136284,-91.1766267844,,,-68.43170995904262,-68.78535304004262,-64.81293689104263,-49.03242739144263,,,ok,0.7499787600000001,0.0005153736399999999,0.00038651928346388636
2026-10-05T17:49:01,vco_lut_S5_20261001_161638.csv,ext /1 x /10,0,1,0,4,10,1000000000.0,1146905830.5499647,2,11,4,0.673246069446149,1145986080.0000014,7812500.0,1,100000000.0,1000000000.0,1,10.0,10000000.0,99999939.2,999999392.0,10.000006080003697,1,-2.23450350761,10,837.5500046712103,526.2478683789358,5262.478683789357,5262.478683789357,1521.8696410078344,956.2183154012205,1394.1687701155406,610.2299932450353,5,4830 Hz: -41.3 dBc; 52500 Hz: -27.7 dBc; 77700 Hz: -32.5 dBc; 717000 Hz: -11.3 dBc; 7815000 Hz: -33.9 dBc,1000-1e+06,685.5850251134699,1182.3450885865773,RMS,POWer,-71.1545926173,-70.8722017984,-70.6811491933,-70.0853239979,-101.38763539,,-51.1545926173,-50.8722017984,-50.6811491933,-50.085323997900005,-81.38763539,,-51.1545926173,-50.8722017984,-50.6811491933,-50.085323997900005,-81.38763539,,ok,0.74997853,0.00064066786,0.0004804871398610458
2026-10-05T17:49:15,vco_lut_S5_20261001_161638.csv,ext /1 x /100,0,1,0,49,100,1000000000.0,1146905830.5499647,2,11,4,0.673246069446149,1145986080.0000014,7812500.0,1,10000000.0,1000000000.0,1,100.0,1000000.0,9999993.9,999999390.0,100.0000610000372,1,-4.00217819214,10,461.6501238314493,29.006315057291012,2900.6315057291013,2900.6315057291013,1075.3337874181018,67.56517331941107,896.6805185233478,593.5543800391494,4,4815 Hz: -78.6 dBc; 9630 Hz: -81.7 dBc; 52800 Hz: -68.2 dBc; 717000 Hz: -31.4 dBc,1000-1e+06,461.6501238314493,1075.3337874181018,RMS,POWer,-107.247888004,-107.707724179,-104.286277322,-89.9027117561,,,-67.247888004,-67.707724179,-64.286277322,-49.902711756100004,,,-67.247888004,-67.707724179,-64.286277322,-49.902711756100004,,,ok,0.74997855,0.0006409818200000001,0.0004807226159399611
2026-10-05T17:49:26,vco_lut_S5_20261001_161638.csv,ext /2 x /4,0,1,1,1,8,1000000000.0,1146905830.5499647,2,11,4,0.673246069446149,1145986080.0000014,7812500.0,1,125000000.0,500000000.0,2,4.0,50000000.0,124999924.0,999999392.0,8.000004864002957,1,-3.94416904449,10,902.1552456005782,708.5506421950155,2834.202568780062,5668.405137560124,1703.8928809201957,1338.2335256542303,1581.8965611520296,633.130491657057,10,4815 Hz: -37.6 dBc; 9645 Hz: -41.7 dBc; 52650 Hz: -22.7 dBc; 717000 Hz: -9.2 dBc; 7815000 Hz: -28.8 dBc; 15650000 Hz: -37.7 dBc; 23450000 Hz: -42.7 dBc; 31250000 Hz: -46.3 dBc; 39100000 Hz: -47.7 dBc; 46900000 Hz: -55.6 dBc,1000-1e+06,734.8732530621762,1267.7259041280681,RMS,POWer,-67.1052288459,-67.9309092982,-67.0053540129,-68.2446712898,-95.8693129326,-122.066780961,-55.06402901934075,-55.88970947164076,-54.96415418634075,-56.203471463240746,-83.82811310604075,-110.02558113444076,-49.043429106061126,-49.86910955836113,-48.943554273061125,-50.18287154996112,-77.80751319276112,-104.00498122116113,ok,0.74997901,0.0005775882500000001,0.00043317906392263255
2026-10-05T17:49:43,vco_lut_S5_20261001_161638.csv,ext /4 x /10,0,1,2,4,40,1000000000.0,1146905830.5499647,2,11,4,0.673246069446149,1145986080.0000014,7812500.0,1,25000000.0,250000000.0,4,10.0,10000000.0,24999984.8,999999392.0,40.00002432001479,1,-2.28824901581,10,824.1545227535806,129.45781099487562,1294.578109948756,5178.312439795024,1355.1078361732266,212.85971172840507,1224.1106232957563,581.2662295304615,8,4830 Hz: -63.5 dBc; 77850 Hz: -55.1 dBc; 717000 Hz: -23.7 dBc; 6255000 Hz: -50.1 dBc; 7110000 Hz: -52.2 dBc; 7815000 Hz: -53.5 dBc; 8535000 Hz: -53.3 dBc; 9375000 Hz: -52.6 dBc,1000-1e+06,592.4200720678168,1112.3630926615867,RMS,POWer,-92.6723018153,-92.56956753,-90.2358573644,-80.7717334702,-111.259191194,,-72.6723018153,-72.56956753,-70.2358573644,-60.771733470200004,-91.259191194,,-60.63110198874075,-60.52836770344075,-58.194657537840754,-48.730533643640754,-79.21799136744075,,ok,0.7499787400000001,0.00054688541,0.0004101524307161834
