kind,f_table,dev_pct,vco_tune_coarse,vco_current_min,vco_current_max,vctrl_set,vctrl_meas,i_ctrl,f_meas,f_std,n_valid,f_vco,clock,set_div_freq,clk_div_val,total_div
table,1058551616.0,-0.32664632954468864,7,11,14,0.0,7.573894e-06,-1.679205e-09,4976858.0,2808.5654701288345,10,1055093896.0,ok,0,105,212
table,1058552040.0,-0.25286541415573405,7,11,14,0.2,0.1999957,-4.205645e-10,4980544.0,5510.747479042909,10,1055875328.0,ok,0,105,212
table,1056141600.0,-0.03183588261270742,7,11,14,0.3,0.2999731,-2.195898e-10,4980214.0,3664.58183153276,10,1055805368.0,ok,0,105,212
table,1056586800.0,-0.16256345432291708,7,11,14,0.35,0.3500111,-1.45815e-10,4975798.0,5008.3880751306715,10,1054869176.0,ok,0,105,212
table,1053077776.0,-0.22319756940725188,7,11,14,0.4,0.3999965,-2.179706e-11,4956261.0,2901.116451758989,10,1050727332.0,ok,0,105,212
table,1036164840.0,-0.11813641543753084,7,11,14,0.45,0.4499908,-6.37724e-11,4881796.0,5217.715975405331,10,1034940752.0,ok,0,105,212
kvco,1025751927.456,0.27662795146166097,7,11,14,0.4601,0.4600783,-5.804854e-11,4851837.0,2623.162002029019,10,1028589444.0,ok,0,105,212
operating,999977391.4560001,0.5520077344911556,7,11,14,0.4851,0.4851082,3.798592e-11,4742912.0,8226.498917792698,10,1005497344.0,ok,0,105,212
table,984615768.0,-0.035461954942006546,7,11,14,0.5,0.4999862,-5.359657e-11,4642767.0,12568.884021883388,10,984266604.0,ok,0,105,212
kvco,960322997.52,0.6292635389973711,7,11,14,0.5101,0.5101033,-5.614073e-11,4558330.0,13125.310578335957,10,966365960.0,ok,0,105,212
table,864354528.0,-0.295304752542469,7,11,14,0.55,0.5499812,-4.978065e-11,4065104.0,16939.14808299927,10,861802048.0,ok,0,105,212
table,718602153.5999999,-0.37261263225913943,7,11,14,0.6,0.5999767,2.017794e-11,3377002.6,10108.403766723563,10,715924551.2,ok,0,105,212
table,643396510.4000001,-0.3929632752325829,7,11,14,0.65,0.6499974,5.706544e-11,3022963.2,3938.304762204164,10,640868198.4000001,ok,0,105,212
table,624079494.4000001,-0.2463778434954711,7,11,14,0.7,0.6999841,7.296505e-11,2936518.4,2942.798902028098,10,622541900.8,ok,0,105,212
table,621057024.0,-0.5108547971272803,7,11,14,0.75,0.7499873,3.686997e-10,2914548.7,2490.086613843873,10,617884324.4000001,ok,0,105,212
