sample,swept,vco_tune_coarse,vco_current_min,vco_current_max,vctrl,vctrl_set,vctrl_meas,i_ctrl,f_meas,f_std,n_valid,f_vco,clock,set_div_freq,clk_div_val,total_div
debug,vdd,8,0,0,0.75,0.75,0.7499871,4.526501e-10,4938180.0,1068.058987135074,5,1244421360.0,ok,1,62,252
debug,vdd,8,0,1,0.75,0.75,0.7499871,4.526501e-10,4938180.0,1068.058987135074,5,1244421360.0,ok,1,62,252
debug,vdd,8,0,2,0.75,0.75,0.7499871,4.526501e-10,4938180.0,1068.058987135074,5,1244421360.0,ok,1,62,252
debug,vdd,8,0,3,0.75,0.75,0.7499871,4.526501e-10,4938180.0,1068.058987135074,5,1244421360.0,ok,1,62,252
debug,vdd,8,0,4,0.75,0.75,0.7499871,4.526501e-10,4938180.0,1068.058987135074,5,1244421360.0,ok,1,62,252
debug,vdd,8,0,5,0.75,0.75,0.7499871,4.526501e-10,4938180.0,1068.058987135074,5,1244421360.0,ok,1,62,252
debug,vdd,8,0,6,0.75,0.75,0.7499871,4.526501e-10,4938180.0,1068.058987135074,5,1244421360.0,ok,1,62,252
debug,vdd,8,0,7,0.75,0.75,0.7499871,4.526501e-10,4938180.0,1068.058987135074,5,1244421360.0,ok,1,62,252
debug,vdd,8,0,8,0.75,0.75,0.7499871,4.526501e-10,4938180.0,1068.058987135074,5,1244421360.0,ok,1,62,252
debug,vdd,8,0,9,0.75,0.75,0.7499871,4.526501e-10,4938180.0,1068.058987135074,5,1244421360.0,ok,1,62,252
debug,vdd,8,0,10,0.75,0.75,0.7499871,4.526501e-10,4938180.0,1068.058987135074,5,1244421360.0,ok,1,62,252
debug,vdd,8,0,11,0.75,0.75,0.7499871,4.526501e-10,4938180.0,1068.058987135074,5,1244421360.0,ok,1,62,252
debug,vdd,8,0,12,0.75,0.75,0.7499871,4.526501e-10,4938180.0,1068.058987135074,5,1244421360.0,ok,1,62,252
debug,vdd,8,0,13,0.75,0.75,0.7499871,4.526501e-10,4938180.0,1068.058987135074,5,1244421360.0,ok,1,62,252
debug,vdd,8,0,14,0.75,0.75,0.7499871,4.526501e-10,4938180.0,1068.058987135074,5,1244421360.0,ok,1,62,252
debug,vdd,8,0,15,0.75,0.75,0.7499871,4.526501e-10,4938180.0,1068.058987135074,5,1244421360.0,ok,1,62,252
debug,vdd,8,1,0,0.75,0.75,0.7499877,4.049509e-10,4933500.0,1950.0,5,1243242000.0,ok,1,62,252
debug,vdd,8,1,1,0.75,0.75,0.7499877,4.049509e-10,4933500.0,1950.0,5,1243242000.0,ok,1,62,252
debug,vdd,8,1,2,0.75,0.75,0.7499877,4.049509e-10,4933500.0,1950.0,5,1243242000.0,ok,1,62,252
debug,vdd,8,1,3,0.75,0.75,0.7499877,4.049509e-10,4933500.0,1950.0,5,1243242000.0,ok,1,62,252
debug,vdd,8,1,4,0.75,0.75,0.7499877,4.049509e-10,4933500.0,1950.0,5,1243242000.0,ok,1,62,252
debug,vdd,8,1,5,0.75,0.75,0.7499877,4.049509e-10,4933500.0,1950.0,5,1243242000.0,ok,1,62,252
debug,vdd,8,1,6,0.75,0.75,0.7499877,4.049509e-10,4933500.0,1950.0,5,1243242000.0,ok,1,62,252
debug,vdd,8,1,7,0.75,0.75,0.7499877,4.049509e-10,4933500.0,1950.0,5,1243242000.0,ok,1,62,252
debug,vdd,8,1,8,0.75,0.75,0.7499877,4.049509e-10,4933500.0,1950.0,5,1243242000.0,ok,1,62,252
debug,vdd,8,1,9,0.75,0.75,0.7499877,4.049509e-10,4933500.0,1950.0,5,1243242000.0,ok,1,62,252
debug,vdd,8,1,10,0.75,0.75,0.7499877,4.049509e-10,4933500.0,1950.0,5,1243242000.0,ok,1,62,252
debug,vdd,8,1,11,0.75,0.75,0.7499877,4.049509e-10,4933500.0,1950.0,5,1243242000.0,ok,1,62,252
debug,vdd,8,1,12,0.75,0.75,0.7499877,4.049509e-10,4933500.0,1950.0,5,1243242000.0,ok,1,62,252
debug,vdd,8,1,13,0.75,0.75,0.7499877,4.049509e-10,4933500.0,1950.0,5,1243242000.0,ok,1,62,252
debug,vdd,8,1,14,0.75,0.75,0.7499877,4.049509e-10,4933500.0,1950.0,5,1243242000.0,ok,1,62,252
debug,vdd,8,1,15,0.75,0.75,0.7499877,4.049509e-10,4933500.0,1950.0,5,1243242000.0,ok,1,62,252
debug,vdd,8,2,0,0.75,0.75,0.7499883,2.065225e-10,4904632.0,1303.5796868622954,5,1235967264.0,ok,1,62,252
debug,vdd,8,2,1,0.75,0.75,0.7499883,2.065225e-10,4904632.0,1303.5796868622954,5,1235967264.0,ok,1,62,252
debug,vdd,8,2,2,0.75,0.75,0.7499883,2.065225e-10,4904632.0,1303.5796868622954,5,1235967264.0,ok,1,62,252
debug,vdd,8,2,3,0.75,0.75,0.7499883,2.065225e-10,4904632.0,1303.5796868622954,5,1235967264.0,ok,1,62,252
debug,vdd,8,2,4,0.75,0.75,0.7499883,2.065225e-10,4904632.0,1303.5796868622954,5,1235967264.0,ok,1,62,252
debug,vdd,8,2,5,0.75,0.75,0.7499883,2.065225e-10,4904632.0,1303.5796868622954,5,1235967264.0,ok,1,62,252
debug,vdd,8,2,6,0.75,0.75,0.7499883,2.065225e-10,4904632.0,1303.5796868622954,5,1235967264.0,ok,1,62,252
debug,vdd,8,2,7,0.75,0.75,0.7499883,2.065225e-10,4904632.0,1303.5796868622954,5,1235967264.0,ok,1,62,252
debug,vdd,8,2,8,0.75,0.75,0.7499883,2.065225e-10,4904632.0,1303.5796868622954,5,1235967264.0,ok,1,62,252
debug,vdd,8,2,9,0.75,0.75,0.7499883,2.065225e-10,4904632.0,1303.5796868622954,5,1235967264.0,ok,1,62,252
debug,vdd,8,2,10,0.75,0.75,0.7499883,2.065225e-10,4904632.0,1303.5796868622954,5,1235967264.0,ok,1,62,252
debug,vdd,8,2,11,0.75,0.75,0.7499883,2.065225e-10,4904632.0,1303.5796868622954,5,1235967264.0,ok,1,62,252
debug,vdd,8,2,12,0.75,0.75,0.7499883,2.065225e-10,4904632.0,1303.5796868622954,5,1235967264.0,ok,1,62,252
debug,vdd,8,2,13,0.75,0.75,0.7499883,2.065225e-10,4904632.0,1303.5796868622954,5,1235967264.0,ok,1,62,252
debug,vdd,8,2,14,0.75,0.75,0.7499883,2.065225e-10,4904632.0,1303.5796868622954,5,1235967264.0,ok,1,62,252
debug,vdd,8,2,15,0.75,0.75,0.7499883,2.065225e-10,4904632.0,1303.5796868622954,5,1235967264.0,ok,1,62,252
debug,vdd,8,3,0,0.75,0.75,0.7499877,1.963469e-10,4897152.0,1051.627310409919,5,1234082304.0,ok,1,62,252
debug,vdd,8,3,1,0.75,0.75,0.7499877,1.963469e-10,4897152.0,1051.627310409919,5,1234082304.0,ok,1,62,252
debug,vdd,8,3,2,0.75,0.75,0.7499877,1.963469e-10,4897152.0,1051.627310409919,5,1234082304.0,ok,1,62,252
debug,vdd,8,3,3,0.75,0.75,0.7499877,1.963469e-10,4897152.0,1051.627310409919,5,1234082304.0,ok,1,62,252
debug,vdd,8,3,4,0.75,0.75,0.7499877,1.963469e-10,4897152.0,1051.627310409919,5,1234082304.0,ok,1,62,252
debug,vdd,8,3,5,0.75,0.75,0.7499877,1.963469e-10,4897152.0,1051.627310409919,5,1234082304.0,ok,1,62,252
debug,vdd,8,3,6,0.75,0.75,0.7499877,1.963469e-10,4897152.0,1051.627310409919,5,1234082304.0,ok,1,62,252
debug,vdd,8,3,7,0.75,0.75,0.7499877,1.963469e-10,4897152.0,1051.627310409919,5,1234082304.0,ok,1,62,252
debug,vdd,8,3,8,0.75,0.75,0.7499877,1.963469e-10,4897152.0,1051.627310409919,5,1234082304.0,ok,1,62,252
debug,vdd,8,3,9,0.75,0.75,0.7499877,1.963469e-10,4897152.0,1051.627310409919,5,1234082304.0,ok,1,62,252
debug,vdd,8,3,10,0.75,0.75,0.7499877,1.963469e-10,4897152.0,1051.627310409919,5,1234082304.0,ok,1,62,252
debug,vdd,8,3,11,0.75,0.75,0.7499877,1.963469e-10,4897152.0,1051.627310409919,5,1234082304.0,ok,1,62,252
debug,vdd,8,3,12,0.75,0.75,0.7499877,1.963469e-10,4897152.0,1051.627310409919,5,1234082304.0,ok,1,62,252
debug,vdd,8,3,13,0.75,0.75,0.7499877,1.963469e-10,4897152.0,1051.627310409919,5,1234082304.0,ok,1,62,252
debug,vdd,8,3,14,0.75,0.75,0.7499877,1.963469e-10,4897152.0,1051.627310409919,5,1234082304.0,ok,1,62,252
debug,vdd,8,3,15,0.75,0.75,0.7499877,1.963469e-10,4897152.0,1051.627310409919,5,1234082304.0,ok,1,62,252
debug,vdd,8,4,0,0.75,0.75,0.7499878,4.373869e-10,4866624.0,1610.3043190651883,5,1226389248.0,ok,1,62,252
debug,vdd,8,4,1,0.75,0.75,0.7499878,4.373869e-10,4866624.0,1610.3043190651883,5,1226389248.0,ok,1,62,252
debug,vdd,8,4,2,0.75,0.75,0.7499878,4.373869e-10,4866624.0,1610.3043190651883,5,1226389248.0,ok,1,62,252
debug,vdd,8,4,3,0.75,0.75,0.7499878,4.373869e-10,4866624.0,1610.3043190651883,5,1226389248.0,ok,1,62,252
debug,vdd,8,4,4,0.75,0.75,0.7499878,4.373869e-10,4866624.0,1610.3043190651883,5,1226389248.0,ok,1,62,252
debug,vdd,8,4,5,0.75,0.75,0.7499878,4.373869e-10,4866624.0,1610.3043190651883,5,1226389248.0,ok,1,62,252
debug,vdd,8,4,6,0.75,0.75,0.7499878,4.373869e-10,4866624.0,1610.3043190651883,5,1226389248.0,ok,1,62,252
debug,vdd,8,4,7,0.75,0.75,0.7499878,4.373869e-10,4866624.0,1610.3043190651883,5,1226389248.0,ok,1,62,252
debug,vdd,8,4,8,0.75,0.75,0.7499878,4.373869e-10,4866624.0,1610.3043190651883,5,1226389248.0,ok,1,62,252
debug,vdd,8,4,9,0.75,0.75,0.7499878,4.373869e-10,4866624.0,1610.3043190651883,5,1226389248.0,ok,1,62,252
debug,vdd,8,4,10,0.75,0.75,0.7499878,4.373869e-10,4866624.0,1610.3043190651883,5,1226389248.0,ok,1,62,252
debug,vdd,8,4,11,0.75,0.75,0.7499878,4.373869e-10,4866624.0,1610.3043190651883,5,1226389248.0,ok,1,62,252
debug,vdd,8,4,12,0.75,0.75,0.7499878,4.373869e-10,4866624.0,1610.3043190651883,5,1226389248.0,ok,1,62,252
debug,vdd,8,4,13,0.75,0.75,0.7499878,4.373869e-10,4866624.0,1610.3043190651883,5,1226389248.0,ok,1,62,252
debug,vdd,8,4,14,0.75,0.75,0.7499878,4.373869e-10,4866624.0,1610.3043190651883,5,1226389248.0,ok,1,62,252
debug,vdd,8,4,15,0.75,0.75,0.7499878,4.373869e-10,4866624.0,1610.3043190651883,5,1226389248.0,ok,1,62,252
debug,vdd,8,5,0,0.75,0.75,0.7499877,5.257886e-10,4855788.0,845.2336954949205,5,1223658576.0,ok,1,62,252
debug,vdd,8,5,1,0.75,0.75,0.7499877,5.257886e-10,4855788.0,845.2336954949205,5,1223658576.0,ok,1,62,252
debug,vdd,8,5,2,0.75,0.75,0.7499877,5.257886e-10,4855788.0,845.2336954949205,5,1223658576.0,ok,1,62,252
debug,vdd,8,5,3,0.75,0.75,0.7499877,5.257886e-10,4855788.0,845.2336954949205,5,1223658576.0,ok,1,62,252
debug,vdd,8,5,4,0.75,0.75,0.7499877,5.257886e-10,4855788.0,845.2336954949205,5,1223658576.0,ok,1,62,252
debug,vdd,8,5,5,0.75,0.75,0.7499877,5.257886e-10,4855788.0,845.2336954949205,5,1223658576.0,ok,1,62,252
debug,vdd,8,5,6,0.75,0.75,0.7499877,5.257886e-10,4855788.0,845.2336954949205,5,1223658576.0,ok,1,62,252
debug,vdd,8,5,7,0.75,0.75,0.7499877,5.257886e-10,4855788.0,845.2336954949205,5,1223658576.0,ok,1,62,252
debug,vdd,8,5,8,0.75,0.75,0.7499877,5.257886e-10,4855788.0,845.2336954949205,5,1223658576.0,ok,1,62,252
debug,vdd,8,5,9,0.75,0.75,0.7499877,5.257886e-10,4855788.0,845.2336954949205,5,1223658576.0,ok,1,62,252
debug,vdd,8,5,10,0.75,0.75,0.7499877,5.257886e-10,4855788.0,845.2336954949205,5,1223658576.0,ok,1,62,252
debug,vdd,8,5,11,0.75,0.75,0.7499877,5.257886e-10,4855788.0,845.2336954949205,5,1223658576.0,ok,1,62,252
debug,vdd,8,5,12,0.75,0.75,0.7499877,5.257886e-10,4855788.0,845.2336954949205,5,1223658576.0,ok,1,62,252
debug,vdd,8,5,13,0.75,0.75,0.7499877,5.257886e-10,4855788.0,845.2336954949205,5,1223658576.0,ok,1,62,252
debug,vdd,8,5,14,0.75,0.75,0.7499877,5.257886e-10,4855788.0,845.2336954949205,5,1223658576.0,ok,1,62,252
debug,vdd,8,5,15,0.75,0.75,0.7499877,5.257886e-10,4855788.0,845.2336954949205,5,1223658576.0,ok,1,62,252
debug,vdd,8,6,0,0.75,0.75,0.7499883,3.788757e-10,4814804.0,1007.8095058095056,5,1213330608.0,ok,1,62,252
debug,vdd,8,6,1,0.75,0.75,0.7499883,3.788757e-10,4814804.0,1007.8095058095056,5,1213330608.0,ok,1,62,252
debug,vdd,8,6,2,0.75,0.75,0.7499883,3.788757e-10,4814804.0,1007.8095058095056,5,1213330608.0,ok,1,62,252
debug,vdd,8,6,3,0.75,0.75,0.7499883,3.788757e-10,4814804.0,1007.8095058095056,5,1213330608.0,ok,1,62,252
debug,vdd,8,6,4,0.75,0.75,0.7499883,3.788757e-10,4814804.0,1007.8095058095056,5,1213330608.0,ok,1,62,252
debug,vdd,8,6,5,0.75,0.75,0.7499883,3.788757e-10,4814804.0,1007.8095058095056,5,1213330608.0,ok,1,62,252
debug,vdd,8,6,6,0.75,0.75,0.7499883,3.788757e-10,4814804.0,1007.8095058095056,5,1213330608.0,ok,1,62,252
debug,vdd,8,6,7,0.75,0.75,0.7499883,3.788757e-10,4814804.0,1007.8095058095056,5,1213330608.0,ok,1,62,252
debug,vdd,8,6,8,0.75,0.75,0.7499883,3.788757e-10,4814804.0,1007.8095058095056,5,1213330608.0,ok,1,62,252
debug,vdd,8,6,9,0.75,0.75,0.7499883,3.788757e-10,4814804.0,1007.8095058095056,5,1213330608.0,ok,1,62,252
debug,vdd,8,6,10,0.75,0.75,0.7499883,3.788757e-10,4814804.0,1007.8095058095056,5,1213330608.0,ok,1,62,252
debug,vdd,8,6,11,0.75,0.75,0.7499883,3.788757e-10,4814804.0,1007.8095058095056,5,1213330608.0,ok,1,62,252
debug,vdd,8,6,12,0.75,0.75,0.7499883,3.788757e-10,4814804.0,1007.8095058095056,5,1213330608.0,ok,1,62,252
debug,vdd,8,6,13,0.75,0.75,0.7499883,3.788757e-10,4814804.0,1007.8095058095056,5,1213330608.0,ok,1,62,252
debug,vdd,8,6,14,0.75,0.75,0.7499883,3.788757e-10,4814804.0,1007.8095058095056,5,1213330608.0,ok,1,62,252
debug,vdd,8,6,15,0.75,0.75,0.7499883,3.788757e-10,4814804.0,1007.8095058095056,5,1213330608.0,ok,1,62,252
debug,vdd,8,7,0,0.75,0.75,0.7499875,4.583743e-10,4802970.0,827.3451516749221,5,1210348440.0,ok,1,62,252
debug,vdd,8,7,1,0.75,0.75,0.7499875,4.583743e-10,4802970.0,827.3451516749221,5,1210348440.0,ok,1,62,252
debug,vdd,8,7,2,0.75,0.75,0.7499875,4.583743e-10,4802970.0,827.3451516749221,5,1210348440.0,ok,1,62,252
debug,vdd,8,7,3,0.75,0.75,0.7499875,4.583743e-10,4802970.0,827.3451516749221,5,1210348440.0,ok,1,62,252
debug,vdd,8,7,4,0.75,0.75,0.7499875,4.583743e-10,4802970.0,827.3451516749221,5,1210348440.0,ok,1,62,252
debug,vdd,8,7,5,0.75,0.75,0.7499875,4.583743e-10,4802970.0,827.3451516749221,5,1210348440.0,ok,1,62,252
debug,vdd,8,7,6,0.75,0.75,0.7499875,4.583743e-10,4802970.0,827.3451516749221,5,1210348440.0,ok,1,62,252
debug,vdd,8,7,7,0.75,0.75,0.7499875,4.583743e-10,4802970.0,827.3451516749221,5,1210348440.0,ok,1,62,252
debug,vdd,8,7,8,0.75,0.75,0.7499875,4.583743e-10,4802970.0,827.3451516749221,5,1210348440.0,ok,1,62,252
debug,vdd,8,7,9,0.75,0.75,0.7499875,4.583743e-10,4802970.0,827.3451516749221,5,1210348440.0,ok,1,62,252
debug,vdd,8,7,10,0.75,0.75,0.7499875,4.583743e-10,4802970.0,827.3451516749221,5,1210348440.0,ok,1,62,252
debug,vdd,8,7,11,0.75,0.75,0.7499875,4.583743e-10,4802970.0,827.3451516749221,5,1210348440.0,ok,1,62,252
debug,vdd,8,7,12,0.75,0.75,0.7499875,4.583743e-10,4802970.0,827.3451516749221,5,1210348440.0,ok,1,62,252
debug,vdd,8,7,13,0.75,0.75,0.7499875,4.583743e-10,4802970.0,827.3451516749221,5,1210348440.0,ok,1,62,252
debug,vdd,8,7,14,0.75,0.75,0.7499875,4.583743e-10,4802970.0,827.3451516749221,5,1210348440.0,ok,1,62,252
debug,vdd,8,7,15,0.75,0.75,0.7499875,4.583743e-10,4802970.0,827.3451516749221,5,1210348440.0,ok,1,62,252
debug,vdd,8,8,0,0.75,0.75,0.7499875,5.308769e-10,3101515.6,3503.1752454023763,5,781581931.2,ok,1,62,252
debug,vdd,8,8,1,0.75,0.75,0.7499875,5.308769e-10,3101515.6,3503.1752454023763,5,781581931.2,ok,1,62,252
debug,vdd,8,8,2,0.75,0.75,0.7499875,5.308769e-10,3101515.6,3503.1752454023763,5,781581931.2,ok,1,62,252
debug,vdd,8,8,3,0.75,0.75,0.7499875,5.308769e-10,3101515.6,3503.1752454023763,5,781581931.2,ok,1,62,252
debug,vdd,8,8,4,0.75,0.75,0.7499875,5.308769e-10,3101515.6,3503.1752454023763,5,781581931.2,ok,1,62,252
debug,vdd,8,8,5,0.75,0.75,0.7499875,5.308769e-10,3101515.6,3503.1752454023763,5,781581931.2,ok,1,62,252
debug,vdd,8,8,6,0.75,0.75,0.7499875,5.308769e-10,3101515.6,3503.1752454023763,5,781581931.2,ok,1,62,252
debug,vdd,8,8,7,0.75,0.75,0.7499875,5.308769e-10,3101515.6,3503.1752454023763,5,781581931.2,ok,1,62,252
debug,vdd,8,8,8,0.75,0.75,0.7499875,5.308769e-10,3101515.6,3503.1752454023763,5,781581931.2,ok,1,62,252
debug,vdd,8,8,9,0.75,0.75,0.7499875,5.308769e-10,3101515.6,3503.1752454023763,5,781581931.2,ok,1,62,252
debug,vdd,8,8,10,0.75,0.75,0.7499875,5.308769e-10,3101515.6,3503.1752454023763,5,781581931.2,ok,1,62,252
debug,vdd,8,8,11,0.75,0.75,0.7499875,5.308769e-10,3101515.6,3503.1752454023763,5,781581931.2,ok,1,62,252
debug,vdd,8,8,12,0.75,0.75,0.7499875,5.308769e-10,3101515.6,3503.1752454023763,5,781581931.2,ok,1,62,252
debug,vdd,8,8,13,0.75,0.75,0.7499875,5.308769e-10,3101515.6,3503.1752454023763,5,781581931.2,ok,1,62,252
debug,vdd,8,8,14,0.75,0.75,0.7499875,5.308769e-10,3101515.6,3503.1752454023763,5,781581931.2,ok,1,62,252
debug,vdd,8,8,15,0.75,0.75,0.7499875,5.308769e-10,3101515.6,3503.1752454023763,5,781581931.2,ok,1,62,252
debug,vdd,8,9,0,0.75,0.75,0.7499881,4.647346e-10,2995627.0,4999.009201831899,5,754898004.0,ok,1,62,252
debug,vdd,8,9,1,0.75,0.75,0.7499881,4.647346e-10,2995627.0,4999.009201831899,5,754898004.0,ok,1,62,252
debug,vdd,8,9,2,0.75,0.75,0.7499881,4.647346e-10,2995627.0,4999.009201831899,5,754898004.0,ok,1,62,252
debug,vdd,8,9,3,0.75,0.75,0.7499881,4.647346e-10,2995627.0,4999.009201831899,5,754898004.0,ok,1,62,252
debug,vdd,8,9,4,0.75,0.75,0.7499881,4.647346e-10,2995627.0,4999.009201831899,5,754898004.0,ok,1,62,252
debug,vdd,8,9,5,0.75,0.75,0.7499881,4.647346e-10,2995627.0,4999.009201831899,5,754898004.0,ok,1,62,252
debug,vdd,8,9,6,0.75,0.75,0.7499881,4.647346e-10,2995627.0,4999.009201831899,5,754898004.0,ok,1,62,252
debug,vdd,8,9,7,0.75,0.75,0.7499881,4.647346e-10,2995627.0,4999.009201831899,5,754898004.0,ok,1,62,252
debug,vdd,8,9,8,0.75,0.75,0.7499881,4.647346e-10,2995627.0,4999.009201831899,5,754898004.0,ok,1,62,252
debug,vdd,8,9,9,0.75,0.75,0.7499881,4.647346e-10,2995627.0,4999.009201831899,5,754898004.0,ok,1,62,252
debug,vdd,8,9,10,0.75,0.75,0.7499881,4.647346e-10,2995627.0,4999.009201831899,5,754898004.0,ok,1,62,252
debug,vdd,8,9,11,0.75,0.75,0.7499881,4.647346e-10,2995627.0,4999.009201831899,5,754898004.0,ok,1,62,252
debug,vdd,8,9,12,0.75,0.75,0.7499881,4.647346e-10,2995627.0,4999.009201831899,5,754898004.0,ok,1,62,252
debug,vdd,8,9,13,0.75,0.75,0.7499881,4.647346e-10,2995627.0,4999.009201831899,5,754898004.0,ok,1,62,252
debug,vdd,8,9,14,0.75,0.75,0.7499881,4.647346e-10,2995627.0,4999.009201831899,5,754898004.0,ok,1,62,252
debug,vdd,8,9,15,0.75,0.75,0.7499881,4.647346e-10,2995627.0,4999.009201831899,5,754898004.0,ok,1,62,252
debug,vdd,8,10,0,0.75,0.75,0.7499865,-7.649242e-11,2453016.0,2780.8287433784913,5,618160032.0,ok,1,62,252
debug,vdd,8,10,1,0.75,0.75,0.7499865,-7.649242e-11,2453016.0,2780.8287433784913,5,618160032.0,ok,1,62,252
debug,vdd,8,10,2,0.75,0.75,0.7499865,-7.649242e-11,2453016.0,2780.8287433784913,5,618160032.0,ok,1,62,252
debug,vdd,8,10,3,0.75,0.75,0.7499865,-7.649242e-11,2453016.0,2780.8287433784913,5,618160032.0,ok,1,62,252
debug,vdd,8,10,4,0.75,0.75,0.7499865,-7.649242e-11,2453016.0,2780.8287433784913,5,618160032.0,ok,1,62,252
debug,vdd,8,10,5,0.75,0.75,0.7499865,-7.649242e-11,2453016.0,2780.8287433784913,5,618160032.0,ok,1,62,252
debug,vdd,8,10,6,0.75,0.75,0.7499865,-7.649242e-11,2453016.0,2780.8287433784913,5,618160032.0,ok,1,62,252
debug,vdd,8,10,7,0.75,0.75,0.7499865,-7.649242e-11,2453016.0,2780.8287433784913,5,618160032.0,ok,1,62,252
debug,vdd,8,10,8,0.75,0.75,0.7499865,-7.649242e-11,2453016.0,2780.8287433784913,5,618160032.0,ok,1,62,252
debug,vdd,8,10,9,0.75,0.75,0.7499865,-7.649242e-11,2453016.0,2780.8287433784913,5,618160032.0,ok,1,62,252
debug,vdd,8,10,10,0.75,0.75,0.7499865,-7.649242e-11,2453016.0,2780.8287433784913,5,618160032.0,ok,1,62,252
debug,vdd,8,10,11,0.75,0.75,0.7499865,-7.649242e-11,2453016.0,2780.8287433784913,5,618160032.0,ok,1,62,252
debug,vdd,8,10,12,0.75,0.75,0.7499865,-7.649242e-11,2453016.0,2780.8287433784913,5,618160032.0,ok,1,62,252
debug,vdd,8,10,13,0.75,0.75,0.7499865,-7.649242e-11,2453016.0,2780.8287433784913,5,618160032.0,ok,1,62,252
debug,vdd,8,10,14,0.75,0.75,0.7499865,-7.649242e-11,2453016.0,2780.8287433784913,5,618160032.0,ok,1,62,252
debug,vdd,8,10,15,0.75,0.75,0.7499865,-7.649242e-11,2453016.0,2780.8287433784913,5,618160032.0,ok,1,62,252
debug,vdd,8,11,0,0.75,0.75,0.7499875,8.314083e-11,2323194.8,4501.7973299561145,5,585445089.5999999,ok,1,62,252
debug,vdd,8,11,1,0.75,0.75,0.7499875,8.314083e-11,2323194.8,4501.7973299561145,5,585445089.5999999,ok,1,62,252
debug,vdd,8,11,2,0.75,0.75,0.7499875,8.314083e-11,2323194.8,4501.7973299561145,5,585445089.5999999,ok,1,62,252
debug,vdd,8,11,3,0.75,0.75,0.7499875,8.314083e-11,2323194.8,4501.7973299561145,5,585445089.5999999,ok,1,62,252
debug,vdd,8,11,4,0.75,0.75,0.7499875,8.314083e-11,2323194.8,4501.7973299561145,5,585445089.5999999,ok,1,62,252
debug,vdd,8,11,5,0.75,0.75,0.7499875,8.314083e-11,2323194.8,4501.7973299561145,5,585445089.5999999,ok,1,62,252
debug,vdd,8,11,6,0.75,0.75,0.7499875,8.314083e-11,2323194.8,4501.7973299561145,5,585445089.5999999,ok,1,62,252
debug,vdd,8,11,7,0.75,0.75,0.7499875,8.314083e-11,2323194.8,4501.7973299561145,5,585445089.5999999,ok,1,62,252
debug,vdd,8,11,8,0.75,0.75,0.7499875,8.314083e-11,2323194.8,4501.7973299561145,5,585445089.5999999,ok,1,62,252
debug,vdd,8,11,9,0.75,0.75,0.7499875,8.314083e-11,2323194.8,4501.7973299561145,5,585445089.5999999,ok,1,62,252
debug,vdd,8,11,10,0.75,0.75,0.7499875,8.314083e-11,2323194.8,4501.7973299561145,5,585445089.5999999,ok,1,62,252
debug,vdd,8,11,11,0.75,0.75,0.7499875,8.314083e-11,2323194.8,4501.7973299561145,5,585445089.5999999,ok,1,62,252
debug,vdd,8,11,12,0.75,0.75,0.7499875,8.314083e-11,2323194.8,4501.7973299561145,5,585445089.5999999,ok,1,62,252
debug,vdd,8,11,13,0.75,0.75,0.7499875,8.314083e-11,2323194.8,4501.7973299561145,5,585445089.5999999,ok,1,62,252
debug,vdd,8,11,14,0.75,0.75,0.7499875,8.314083e-11,2323194.8,4501.7973299561145,5,585445089.5999999,ok,1,62,252
debug,vdd,8,11,15,0.75,0.75,0.7499875,8.314083e-11,2323194.8,4501.7973299561145,5,585445089.5999999,ok,1,62,252
debug,vdd,8,12,0,0.75,0.75,0.7499877,4.793621e-10,5049336.0,4556.366973807092,5,424144224.0,ok,0,41,84
debug,vdd,8,12,1,0.75,0.75,0.7499877,4.793621e-10,5049336.0,4556.366973807092,5,424144224.0,ok,0,41,84
debug,vdd,8,12,2,0.75,0.75,0.7499877,4.793621e-10,5049336.0,4556.366973807092,5,424144224.0,ok,0,41,84
debug,vdd,8,12,3,0.75,0.75,0.7499877,4.793621e-10,5049336.0,4556.366973807092,5,424144224.0,ok,0,41,84
debug,vdd,8,12,4,0.75,0.75,0.7499877,4.793621e-10,5049336.0,4556.366973807092,5,424144224.0,ok,0,41,84
debug,vdd,8,12,5,0.75,0.75,0.7499877,4.793621e-10,5049336.0,4556.366973807092,5,424144224.0,ok,0,41,84
debug,vdd,8,12,6,0.75,0.75,0.7499877,4.793621e-10,5049336.0,4556.366973807092,5,424144224.0,ok,0,41,84
debug,vdd,8,12,7,0.75,0.75,0.7499877,4.793621e-10,5049336.0,4556.366973807092,5,424144224.0,ok,0,41,84
debug,vdd,8,12,8,0.75,0.75,0.7499877,4.793621e-10,5049336.0,4556.366973807092,5,424144224.0,ok,0,41,84
debug,vdd,8,12,9,0.75,0.75,0.7499877,4.793621e-10,5049336.0,4556.366973807092,5,424144224.0,ok,0,41,84
debug,vdd,8,12,10,0.75,0.75,0.7499877,4.793621e-10,5049336.0,4556.366973807092,5,424144224.0,ok,0,41,84
debug,vdd,8,12,11,0.75,0.75,0.7499877,4.793621e-10,5049336.0,4556.366973807092,5,424144224.0,ok,0,41,84
debug,vdd,8,12,12,0.75,0.75,0.7499877,4.793621e-10,5049336.0,4556.366973807092,5,424144224.0,ok,0,41,84
debug,vdd,8,12,13,0.75,0.75,0.7499877,4.793621e-10,5049336.0,4556.366973807092,5,424144224.0,ok,0,41,84
debug,vdd,8,12,14,0.75,0.75,0.7499877,4.793621e-10,5049336.0,4556.366973807092,5,424144224.0,ok,0,41,84
debug,vdd,8,12,15,0.75,0.75,0.7499877,4.793621e-10,5049336.0,4556.366973807092,5,424144224.0,ok,0,41,84
debug,vdd,8,13,0,0.75,0.75,0.7499875,4.666421e-10,4544836.0,6357.328841581188,5,381766224.0,ok,0,41,84
debug,vdd,8,13,1,0.75,0.75,0.7499875,4.666421e-10,4544836.0,6357.328841581188,5,381766224.0,ok,0,41,84
debug,vdd,8,13,2,0.75,0.75,0.7499875,4.666421e-10,4544836.0,6357.328841581188,5,381766224.0,ok,0,41,84
debug,vdd,8,13,3,0.75,0.75,0.7499875,4.666421e-10,4544836.0,6357.328841581188,5,381766224.0,ok,0,41,84
debug,vdd,8,13,4,0.75,0.75,0.7499875,4.666421e-10,4544836.0,6357.328841581188,5,381766224.0,ok,0,41,84
debug,vdd,8,13,5,0.75,0.75,0.7499875,4.666421e-10,4544836.0,6357.328841581188,5,381766224.0,ok,0,41,84
debug,vdd,8,13,6,0.75,0.75,0.7499875,4.666421e-10,4544836.0,6357.328841581188,5,381766224.0,ok,0,41,84
debug,vdd,8,13,7,0.75,0.75,0.7499875,4.666421e-10,4544836.0,6357.328841581188,5,381766224.0,ok,0,41,84
debug,vdd,8,13,8,0.75,0.75,0.7499875,4.666421e-10,4544836.0,6357.328841581188,5,381766224.0,ok,0,41,84
debug,vdd,8,13,9,0.75,0.75,0.7499875,4.666421e-10,4544836.0,6357.328841581188,5,381766224.0,ok,0,41,84
debug,vdd,8,13,10,0.75,0.75,0.7499875,4.666421e-10,4544836.0,6357.328841581188,5,381766224.0,ok,0,41,84
debug,vdd,8,13,11,0.75,0.75,0.7499875,4.666421e-10,4544836.0,6357.328841581188,5,381766224.0,ok,0,41,84
debug,vdd,8,13,12,0.75,0.75,0.7499875,4.666421e-10,4544836.0,6357.328841581188,5,381766224.0,ok,0,41,84
debug,vdd,8,13,13,0.75,0.75,0.7499875,4.666421e-10,4544836.0,6357.328841581188,5,381766224.0,ok,0,41,84
debug,vdd,8,13,14,0.75,0.75,0.7499875,4.666421e-10,4544836.0,6357.328841581188,5,381766224.0,ok,0,41,84
debug,vdd,8,13,15,0.75,0.75,0.7499875,4.666421e-10,4544836.0,6357.328841581188,5,381766224.0,ok,0,41,84
debug,vdd,8,14,0,0.75,0.75,0.7499872,2.335793e-11,5157480.0,15201.315732527892,5,144409440.0,ok,0,13,28
debug,vdd,8,14,1,0.75,0.75,0.7499872,2.335793e-11,5157480.0,15201.315732527892,5,144409440.0,ok,0,13,28
debug,vdd,8,14,2,0.75,0.75,0.7499872,2.335793e-11,5157480.0,15201.315732527892,5,144409440.0,ok,0,13,28
debug,vdd,8,14,3,0.75,0.75,0.7499872,2.335793e-11,5157480.0,15201.315732527892,5,144409440.0,ok,0,13,28
debug,vdd,8,14,4,0.75,0.75,0.7499872,2.335793e-11,5157480.0,15201.315732527892,5,144409440.0,ok,0,13,28
debug,vdd,8,14,5,0.75,0.75,0.7499872,2.335793e-11,5157480.0,15201.315732527892,5,144409440.0,ok,0,13,28
debug,vdd,8,14,6,0.75,0.75,0.7499872,2.335793e-11,5157480.0,15201.315732527892,5,144409440.0,ok,0,13,28
debug,vdd,8,14,7,0.75,0.75,0.7499872,2.335793e-11,5157480.0,15201.315732527892,5,144409440.0,ok,0,13,28
debug,vdd,8,14,8,0.75,0.75,0.7499872,2.335793e-11,5157480.0,15201.315732527892,5,144409440.0,ok,0,13,28
debug,vdd,8,14,9,0.75,0.75,0.7499872,2.335793e-11,5157480.0,15201.315732527892,5,144409440.0,ok,0,13,28
debug,vdd,8,14,10,0.75,0.75,0.7499872,2.335793e-11,5157480.0,15201.315732527892,5,144409440.0,ok,0,13,28
debug,vdd,8,14,11,0.75,0.75,0.7499872,2.335793e-11,5157480.0,15201.315732527892,5,144409440.0,ok,0,13,28
debug,vdd,8,14,12,0.75,0.75,0.7499872,2.335793e-11,5157480.0,15201.315732527892,5,144409440.0,ok,0,13,28
debug,vdd,8,14,13,0.75,0.75,0.7499872,2.335793e-11,5157480.0,15201.315732527892,5,144409440.0,ok,0,13,28
debug,vdd,8,14,14,0.75,0.75,0.7499872,2.335793e-11,5157480.0,15201.315732527892,5,144409440.0,ok,0,13,28
debug,vdd,8,14,15,0.75,0.75,0.7499872,2.335793e-11,5157480.0,15201.315732527892,5,144409440.0,ok,0,13,28
debug,vdd,8,15,0,0.75,0.75,0.749988,1.96983e-10,2731967.0,11325.310150278447,5,76495076.0,ok,0,13,28
debug,vdd,8,15,1,0.75,0.75,0.749988,1.96983e-10,2731967.0,11325.310150278447,5,76495076.0,ok,0,13,28
debug,vdd,8,15,2,0.75,0.75,0.749988,1.96983e-10,2731967.0,11325.310150278447,5,76495076.0,ok,0,13,28
debug,vdd,8,15,3,0.75,0.75,0.749988,1.96983e-10,2731967.0,11325.310150278447,5,76495076.0,ok,0,13,28
debug,vdd,8,15,4,0.75,0.75,0.749988,1.96983e-10,2731967.0,11325.310150278447,5,76495076.0,ok,0,13,28
debug,vdd,8,15,5,0.75,0.75,0.749988,1.96983e-10,2731967.0,11325.310150278447,5,76495076.0,ok,0,13,28
debug,vdd,8,15,6,0.75,0.75,0.749988,1.96983e-10,2731967.0,11325.310150278447,5,76495076.0,ok,0,13,28
debug,vdd,8,15,7,0.75,0.75,0.749988,1.96983e-10,2731967.0,11325.310150278447,5,76495076.0,ok,0,13,28
debug,vdd,8,15,8,0.75,0.75,0.749988,1.96983e-10,2731967.0,11325.310150278447,5,76495076.0,ok,0,13,28
debug,vdd,8,15,9,0.75,0.75,0.749988,1.96983e-10,2731967.0,11325.310150278447,5,76495076.0,ok,0,13,28
debug,vdd,8,15,10,0.75,0.75,0.749988,1.96983e-10,2731967.0,11325.310150278447,5,76495076.0,ok,0,13,28
debug,vdd,8,15,11,0.75,0.75,0.749988,1.96983e-10,2731967.0,11325.310150278447,5,76495076.0,ok,0,13,28
debug,vdd,8,15,12,0.75,0.75,0.749988,1.96983e-10,2731967.0,11325.310150278447,5,76495076.0,ok,0,13,28
debug,vdd,8,15,13,0.75,0.75,0.749988,1.96983e-10,2731967.0,11325.310150278447,5,76495076.0,ok,0,13,28
debug,vdd,8,15,14,0.75,0.75,0.749988,1.96983e-10,2731967.0,11325.310150278447,5,76495076.0,ok,0,13,28
debug,vdd,8,15,15,0.75,0.75,0.749988,1.96983e-10,2731967.0,11325.310150278447,5,76495076.0,ok,0,13,28
debug,window,8,0,0,0.0,0.0,8.603296e-06,-2.304391e-09,2030424.0,147.58048651498612,5,1299471360.0,ok,5,9,640
debug,window,8,0,1,0.0,0.0,8.260176e-06,-2.12504e-09,2028877.2,147.13327291948616,5,1298481408.0,ok,5,9,640
debug,window,8,0,2,0.0,0.0,7.80265e-06,-2.1314e-09,2026705.8,275.26114872971084,5,1297091712.0,ok,5,9,640
debug,window,8,0,3,0.0,0.0,9.518379e-06,-2.232524e-09,2024153.6,146.6860593239862,5,1295458304.0,ok,5,9,640
debug,window,8,0,4,0.0,0.0,8.603296e-06,-2.216624e-09,2022944.0,272.80029325497435,5,1294684160.0,ok,5,9,640
debug,window,8,0,5,0.0,0.0,8.717732e-06,-2.014377e-09,2020020.0,169.79399282660148,5,1292812800.0,ok,5,9,640
debug,window,8,0,6,0.0,0.0,8.260206e-06,-2.08052e-09,2016692.4,150.7109816834858,5,1290683136.0,ok,5,9,640
debug,window,8,0,7,0.0,0.0,9.060866e-06,-2.11232e-09,2013271.2,144.8972049419864,5,1288493568.0,ok,5,9,640
debug,window,8,0,8,0.0,0.0,8.031377e-06,-1.9724e-09,2016237.4,428.81382906804674,5,1290391936.0,ok,5,9,640
debug,window,8,0,9,0.0,0.0,8.488962e-06,-2.049356e-09,2012752.8,144.8972049419864,5,1288161792.0,ok,5,9,640
debug,window,8,0,10,0.0,0.0,9.518291e-06,-2.105959e-09,2005738.0,227.6883835420683,5,1283672320.0,ok,5,9,640
debug,window,8,0,11,0.0,0.0,9.060837e-06,-2.186732e-09,2000128.0,175.27121840165316,5,1280081920.0,ok,5,9,640
debug,window,8,0,12,0.0,0.0,9.518379e-06,-2.136488e-09,4950568.0,1639.853652006788,5,1267345408.0,ok,1,63,256
debug,window,8,0,13,0.0,0.0,8.489005e-06,-1.886541e-09,4931940.0,872.066511224918,5,1262576640.0,ok,1,63,256
debug,window,8,0,14,0.0,0.0,9.060837e-06,-2.04872e-09,4907604.0,1614.7538512107658,5,1256346624.0,ok,1,63,256
debug,window,8,0,15,0.0,0.0,8.488976e-06,-1.709098e-09,4873120.0,849.7058314499201,5,1247518720.0,ok,1,63,256
debug,window,8,8,0,0.0,0.0,8.946517e-06,-1.801318e-09,2014870.0,370.55701315721984,5,1289516800.0,ok,5,9,640
debug,window,8,8,1,0.0,0.0,8.832023e-06,-2.367355e-09,2011910.4,177.46210863167383,5,1287622656.0,ok,5,9,640
debug,window,8,8,2,0.0,0.0,7.917057e-06,-2.098328e-09,2007432.0,187.82971010998233,5,1284756480.0,ok,5,9,640
debug,window,8,8,3,0.0,0.0,8.374613e-06,-2.163836e-09,2002975.8,351.6378819183166,5,1281904512.0,ok,5,9,640
debug,window,8,8,4,0.0,0.0,8.374569e-06,-1.822305e-09,2000000.0,226.27416997969522,5,1280000000.0,ok,5,9,640
debug,window,8,8,5,0.0,0.0,8.946445e-06,-2.06144e-09,4945864.0,1073.5362127101255,5,1266141184.0,ok,1,63,256
debug,window,8,8,6,0.0,0.0,8.260176e-06,-2.112956e-09,4925660.0,1371.7871555019021,5,1260968960.0,ok,1,63,256
debug,window,8,8,7,0.0,0.0,8.488933e-06,-2.319655e-09,4900608.0,1051.627310409919,5,1254555648.0,ok,1,63,256
debug,window,8,8,8,0.0,0.0,8.374569e-06,-1.783509e-09,4918676.0,1062.5817615600222,5,1259181056.0,ok,1,63,256
debug,window,8,8,9,0.0,0.0,9.175114e-06,-1.897988e-09,4892160.0,0.0,5,1252392960.0,ok,1,63,256
debug,window,8,8,10,0.0,0.0,9.06091e-06,-2.037909e-09,4852280.0,0.0,5,1242183680.0,ok,1,63,256
debug,window,8,8,11,0.0,0.0,9.175288e-06,-1.957773e-09,4802600.0,0.0,5,1229465600.0,ok,1,63,256
debug,window,8,8,12,0.0,0.0,9.632713e-06,-1.852833e-09,4740840.0,1505.988047761336,5,1213655040.0,ok,1,63,256
debug,window,8,8,13,0.0,0.0,8.946474e-06,-1.941873e-09,4602236.0,1429.503410279248,5,1178172416.0,ok,1,63,256
debug,window,8,8,14,0.0,0.0,9.175259e-06,-1.783509e-09,4254880.0,2426.314076948819,5,1089249280.0,ok,1,63,256
debug,window,8,8,15,0.0,0.0,9.404015e-06,-1.893537e-09,3575318.0,2944.133149162925,5,915281408.0,ok,1,63,256
debug,window,8,0,0,0.4,0.4,0.3999963,2.145026e-11,2024678.4,274.4244887031768,5,1295794176.0,ok,5,9,640
debug,window,8,0,1,0.4,0.4,0.3999967,-1.098524e-11,2022560.4,146.23884572848624,5,1294438656.0,ok,5,9,640
debug,window,8,0,2,0.4,0.4,0.3999966,-9.048395e-11,2020082.0,169.79399282660148,5,1292852480.0,ok,5,9,640
debug,window,8,0,3,0.4,0.4,0.3999967,-5.041668e-11,2017483.6,178.55755374668416,5,1291189504.0,ok,5,9,640
debug,window,8,0,4,0.4,0.4,0.3999975,-9.796066e-10,2016692.4,150.7109816834858,5,1290683136.0,ok,5,9,640
debug,window,8,0,5,0.4,0.4,0.3999982,1.219366e-10,2013749.0,155.5795616396961,5,1288799360.0,ok,5,9,640
debug,window,8,0,6,0.4,0.4,0.3999965,-8.441303e-12,2010352.0,0.0,5,1286625280.0,ok,5,9,640
debug,window,8,0,7,0.4,0.4,0.3999977,-9.713369e-12,2006382.0,0.0,5,1284084480.0,ok,5,9,640
debug,window,8,0,8,0.4,0.4,0.399997,7.16934e-11,2011327.2,144.8972049419864,5,1287249408.0,ok,5,9,640
debug,window,8,0,9,0.4,0.4,0.3999955,-5.261236e-12,2007303.2,305.6684478319606,5,1284674048.0,ok,5,9,640
debug,window,8,0,10,0.4,0.4,0.3999968,-4.151285e-11,2002719.0,0.0,5,1281740160.0,ok,5,9,640
debug,window,8,0,11,0.4,0.4,0.3999968,-1.121076e-10,4953312.0,1639.853652006788,5,1268047872.0,ok,1,63,256
debug,window,8,0,12,0.4,0.4,0.3999967,-3.197287e-11,4945864.0,1073.5362127101255,5,1266141184.0,ok,1,63,256
debug,window,8,0,13,0.4,0.4,0.3999967,2.478624e-10,4927212.0,867.5943752699184,5,1261366272.0,ok,1,63,256
debug,window,8,0,14,0.4,0.4,0.3999959,2.885656e-10,4904156.0,1064.3683572899,5,1255463936.0,ok,1,63,256
debug,window,8,0,15,0.4,0.4,0.399997,-9.732469e-10,4870460.0,1040.6728592598156,5,1246837760.0,ok,1,63,256
debug,window,8,8,0,0.4,0.4,0.399997,2.272219e-11,2010416.6,353.8287721483373,5,1286666624.0,ok,5,9,640
debug,window,8,8,1,0.4,0.4,0.3999959,8.730516e-12,2006575.2,176.3666635166635,5,1284208128.0,ok,5,9,640
debug,window,8,8,2,0.4,0.4,0.3999969,-1.063837e-10,2002398.0,321.0,5,1281534720.0,ok,5,9,640
debug,window,8,8,3,0.4,0.4,0.3999969,-7.71281e-11,4951744.0,1753.0772943598352,5,1267646464.0,ok,1,63,256
debug,window,8,8,4,0.4,0.4,0.3999966,-1.197394e-10,4946256.0,2234.7438331943104,5,1266241536.0,ok,1,63,256
debug,window,8,8,5,0.4,0.4,0.3999967,-5.359652e-11,4928764.0,1062.5817615600222,5,1261763584.0,ok,1,63,256
debug,window,8,8,6,0.4,0.4,0.399996,-4.723665e-11,4906446.0,863.1222393149188,5,1256050176.0,ok,1,63,256
debug,window,8,8,7,0.4,0.4,0.3999967,-4.660063e-11,4878140.0,0.0,5,1248803840.0,ok,1,63,256
debug,window,8,8,8,0.4,0.4,0.3999959,-7.805423e-12,4907604.0,863.1222393149188,5,1256346624.0,ok,1,63,256
debug,window,8,8,9,0.4,0.4,0.3999963,5.32496e-11,4878354.0,1015.4703343771299,5,1248858624.0,ok,1,63,256
debug,window,8,8,10,0.4,0.4,0.399997,-1.289313e-11,4839762.0,1363.8255020346262,5,1238979072.0,ok,1,63,256
debug,window,8,8,11,0.4,0.4,0.3999967,-6.568039e-11,4782156.0,1531.0878485573583,5,1224231936.0,ok,1,63,256
debug,window,8,8,12,0.4,0.4,0.3999968,-8.44122e-12,4729538.0,1497.6214474959952,5,1210761728.0,ok,1,63,256
debug,window,8,8,13,0.4,0.4,0.3999973,3.67141e-11,4588298.0,1288.9026340263256,5,1174604288.0,ok,1,63,256
debug,window,8,8,14,0.4,0.4,0.3999979,-1.343672e-10,4245984.0,4148.599763775725,5,1086971904.0,ok,1,63,256
debug,window,8,8,15,0.4,0.4,0.3999981,-1.089276e-10,3567348.0,4180.755912511516,5,913241088.0,ok,1,63,256
debug,window,8,0,0,0.7,0.7,0.6999848,1.473759e-10,4924884.0,1062.5817615600222,5,1241070768.0,ok,1,62,252
debug,window,8,0,1,0.7,0.7,0.6999855,3.289788e-11,4924884.0,1062.5817615600222,5,1241070768.0,ok,1,62,252
debug,window,8,0,2,0.7,0.7,0.6999852,1.562798e-10,4924884.0,1062.5817615600222,5,1241070768.0,ok,1,62,252
debug,window,8,0,3,0.7,0.7,0.6999856,1.009488e-10,4924108.0,1623.1204514761066,5,1240875216.0,ok,1,62,252
debug,window,8,0,4,0.7,0.7,0.6999842,1.651835e-10,4924496.0,2211.9403246923275,5,1240972992.0,ok,1,62,252
debug,window,8,0,5,0.7,0.7,0.699984,7.996101e-11,4923332.0,867.5943752699184,5,1240679664.0,ok,1,62,252
debug,window,8,0,6,0.7,0.7,0.6999856,1.314763e-10,4923720.0,0.0,5,1240777440.0,ok,1,62,252
debug,window,8,0,7,0.7,0.7,0.6999844,5.770137e-11,4922944.0,1062.5817615600222,5,1240581888.0,ok,1,62,252
debug,window,8,0,8,0.7,0.7,0.6999847,1.352921e-10,4924108.0,867.5943752699184,5,1240875216.0,ok,1,62,252
debug,window,8,0,9,0.7,0.7,0.699985,2.116106e-10,4922944.0,1062.5817615600222,5,1240581888.0,ok,1,62,252
debug,window,8,0,10,0.7,0.7,0.699985,9.0773e-11,4923720.0,2376.005050499683,5,1240777440.0,ok,1,62,252
debug,window,8,0,11,0.7,0.7,0.6999843,5.006967e-11,4923332.0,1623.1204514761066,5,1240679664.0,ok,1,62,252
debug,window,8,0,12,0.7,0.7,0.6999851,1.636224e-11,4924108.0,1623.1204514761066,5,1240875216.0,ok,1,62,252
debug,window,8,0,13,0.7,0.7,0.6999847,-4.383723e-10,4923720.0,1371.7871555019021,5,1240777440.0,ok,1,62,252
debug,window,8,0,14,0.7,0.7,0.6999847,1.123966e-10,4922556.0,1062.5817615600222,5,1240484112.0,ok,1,62,252
debug,window,8,0,15,0.7,0.7,0.6999851,1.187563e-10,4922168.0,1623.1204514761066,5,1240386336.0,ok,1,62,252
debug,window,8,8,0,0.7,0.7,0.6999863,1.607317e-10,4998958.0,9835.731797888757,5,789835364.0,ok,0,78,158
debug,window,8,8,1,0.7,0.7,0.6999861,3.416983e-11,4993352.0,4191.654804489511,5,788949616.0,ok,0,78,158
debug,window,8,8,2,0.7,0.7,0.6999847,1.028565e-10,4998080.0,17552.139470731196,5,789696640.0,ok,0,78,158
debug,window,8,8,3,0.7,0.7,0.6999853,1.047648e-10,4989302.0,9370.678737423454,5,788309716.0,ok,0,78,158
debug,window,8,8,4,0.7,0.7,0.6999857,1.205662e-09,4982680.0,8157.484293579731,5,787263440.0,ok,0,78,158
debug,window,8,8,5,0.7,0.7,0.6999862,2.650341e-10,4983198.0,12740.98583312924,5,787345284.0,ok,0,78,158
debug,window,8,8,6,0.7,0.7,0.6999862,7.99612e-11,4973730.0,8117.936930033394,5,785849340.0,ok,0,78,158
debug,window,8,8,7,0.7,0.7,0.6999847,1.4674e-10,4969334.0,8067.966286493765,5,785154772.0,ok,0,78,158
debug,window,8,8,8,0.7,0.7,0.6999852,1.136685e-10,4992156.0,4351.290613139968,5,788760648.0,ok,0,78,158
debug,window,8,8,9,0.7,0.7,0.6999859,-5.261486e-12,4985896.0,7208.739834395468,5,787771568.0,ok,0,78,158
debug,window,8,8,10,0.7,0.7,0.699985,1.96983e-10,4975314.0,7678.735572996377,5,786099612.0,ok,0,78,158
debug,window,8,8,11,0.7,0.7,0.6999855,2.154269e-10,4974948.0,4558.30231555565,5,786041784.0,ok,0,78,158
debug,window,8,8,12,0.7,0.7,0.6999854,3.64242e-12,4974552.0,4768.471453201749,5,785979216.0,ok,0,78,158
debug,window,8,8,13,0.7,0.7,0.6999856,2.66942e-10,4975996.0,5441.679887681744,5,786207368.0,ok,0,78,158
debug,window,8,8,14,0.7,0.7,0.6999851,1.289322e-10,4976396.0,7237.698529228749,5,786270568.0,ok,0,78,158
debug,window,8,8,15,0.7,0.7,0.699985,3.925774e-11,4969510.0,4632.278057284558,5,785182580.0,ok,0,78,158
