vco_tune_coarse,vco_current_min,vco_current_max,f_hi_MHz,f_lo_MHz,target_f_lo_MHz,band_ratio,overlap_next,kvco_max_MHz_per_V,old_min,old_f_lo_MHz,old_kvco_max_MHz_per_V,note,band_overlap,source_csv
0,8,0,10259.550208,2008.5806208,4577.687552,5.107860795706428,0.6489789924744955,46232.31919203306,11,1393.7364,47510.44211372729,,0.2,vco_families_20260928_185254.csv
1,8,1,5722.10944,1568.45376,3031.38304,3.6482487312855176,0.5860757312939245,25693.414034091147,13,681.2368,29679.256786226448,,0.2,vco_families_20260928_185254.csv
2,8,2,3789.2288,1338.034176,2257.195008,2.831937231474721,0.5257709958571732,18256.998259222488,14,195.675832,24216.07548615779,,0.2,vco_families_20260928_185254.csv
3,8,3,2821.49376,1182.293872,1795.7349376000002,2.3864572309988255,0.47328802386386226,12602.516910298165,14,186.56072,19146.149451746987,,0.2,vco_families_20260928_185254.csv
4,8,4,2244.668672,1068.090688,1494.158336,2.101571240362691,0.42812449670661945,8909.821805375856,14,172.207792,14968.665839792231,,0.2,vco_families_20260928_185254.csv
5,8,4,1867.69792,976.31232,1273.28256,1.9130127539515225,0.38658560123528274,6611.180959273632,14,161.47224,12142.027715236347,,0.2,vco_families_20260928_185254.csv
6,8,5,1591.6032,898.476992,1115.1695872,1.7714456955175988,0.3554508642898543,5483.365964243755,15,72.3496392,10531.612523451964,,0.2,vco_families_20260928_185254.csv
7,8,5,1393.961984,832.510684,979.270656,1.6744073208795,0.31989328678505813,4562.9641311217,15,68.5877444,9132.399403403235,,0.2,vco_families_20260928_185254.csv
8,8,4,1224.08832,779.1493247999999,875.2106688000001,1.5710574097131016,0.28780637387038216,3648.5876365388863,15,65.4737344,8546.228874413278,,0.2,vco_families_20260928_185254.csv
9,8,6,1094.013336,731.3256864,798.451056,1.495931780251497,0.2672555885253911,3011.3241135913554,15,62.818896,7802.1014230524725,,0.2,vco_families_20260928_185254.csv
10,8,6,998.06382,689.8320352000001,734.39496,1.4468215001215994,0.24854382421142973,2532.8778013376673,15,60.274872,7250.83961143241,,0.2,vco_families_20260928_185254.csv
11,8,6,917.9937,652.129856,677.5572608000001,1.4076854349695653,0.23002244240727646,2194.5862961292028,15,57.4872088,6739.339398969057,,0.2,vco_families_20260928_185254.csv
12,8,6,846.946576,618.78054,631.28832,1.3687349896297645,0.21585048175768562,1881.9271972902354,15,55.2962384,6293.530384190176,,0.2,vco_families_20260928_185254.csv
13,8,6,789.1104,588.854448,588.9400704,1.3400771662337856,0.2001163071141576,1629.5707282656278,15,53.374427600000004,5878.544410458244,,0.2,vco_families_20260928_185254.csv
14,9,8,736.175088,544.720576,554.331904,1.3514728843288637,0.21387086390755528,1566.8062837612877,15,51.7189,5497.484938153801,,0.2,vco_families_20260928_185254.csv
15,15,8,692.91488,49.772721600000004,,13.921579084395496,,5180.887859698293,15,49.772721600000004,5180.887859698293,slowest measured coarse: end-point pick,0.2,vco_families_20260928_185254.csv
