vco_tune_coarse,vco_current_min,vco_current_max,f_hi_MHz,f_lo_MHz,override,tol,source_csv
0,11,0,10259.550208,1393.7364,False,0.02,vco_families_20260928_185254.csv
1,13,1,5722.10944,681.2368,False,0.02,vco_families_20260928_185254.csv
2,14,2,3789.2288,195.675832,False,0.02,vco_families_20260928_185254.csv
3,14,3,2821.49376,186.56072,False,0.02,vco_families_20260928_185254.csv
4,14,4,2244.668672,172.207792,False,0.02,vco_families_20260928_185254.csv
5,14,4,1867.69792,161.47224,False,0.02,vco_families_20260928_185254.csv
6,15,5,1591.6032,72.3496392,False,0.02,vco_families_20260928_185254.csv
7,15,5,1393.961984,68.5877444,False,0.02,vco_families_20260928_185254.csv
8,15,4,1224.08832,65.4737344,False,0.02,vco_families_20260928_185254.csv
9,15,6,1094.013336,62.818896,False,0.02,vco_families_20260928_185254.csv
10,15,6,998.06382,60.274872,False,0.02,vco_families_20260928_185254.csv
11,15,6,917.9937,57.4872088,False,0.02,vco_families_20260928_185254.csv
12,15,6,846.946576,55.2962384,False,0.02,vco_families_20260928_185254.csv
13,15,6,789.1104,53.374427600000004,False,0.02,vco_families_20260928_185254.csv
14,15,8,736.175088,51.7189,False,0.02,vco_families_20260928_185254.csv
15,15,8,692.91488,49.772721600000004,False,0.02,vco_families_20260928_185254.csv
