sample,swept,vco_tune_coarse,vco_current_min,vco_current_max,vctrl_set,vctrl_meas,i_ctrl,f_meas,f_std,n_valid,f_vco,set_div_freq,clk_div_val,total_div
debug,vco_current_max,0,15,0,0.0,-2.948247e-06,-1.21811e-09,19989400.0,42768.680129272165,5,10234572800.0,4,15,512
debug,vco_current_max,0,15,1,0.0,-4.092057e-06,-1.39619e-09,19240460.0,109036.45262021321,5,9851115520.0,4,15,512
debug,vco_current_max,0,15,2,0.0,-2.490793e-06,-1.344038e-09,18241180.0,40781.88323263162,5,9339484160.0,4,15,512
debug,vco_current_max,0,15,3,0.0,-2.833898e-06,-1.503674e-09,17481380.0,58628.08200853922,5,8950466560.0,4,15,512
debug,vco_current_max,0,15,4,0.0,-2.833956e-06,-1.413362e-09,16609820.0,34703.054620595,5,8504227840.0,4,15,512
debug,vco_current_max,0,15,5,0.0,-2.948291e-06,-1.39937e-09,15667920.0,42662.47765894522,5,8021975040.0,4,15,512
debug,vco_current_max,0,15,6,0.0,-2.719549e-06,-1.587626e-09,14482860.0,30865.806323503035,5,7415224320.0,4,15,512
debug,vco_current_max,0,15,7,0.0,-3.863315e-06,-1.585082e-09,13445080.0,37188.93652687584,5,6883880960.0,4,15,512
debug,vco_current_max,0,15,8,0.0,-3.863286e-06,-1.27535e-09,12384500.0,27569.367058385655,5,6340864000.0,4,15,512
debug,vco_current_max,0,15,9,0.0,-3.177134e-06,-1.538018e-09,11227316.0,18500.521073742762,5,5748385792.0,4,15,512
debug,vco_current_max,0,15,10,0.0,-3.405745e-06,-1.450887e-09,9789920.0,17114.011803197987,5,5012439040.0,4,15,512
debug,vco_current_max,0,15,11,0.0,-2.948349e-06,-1.355486e-09,8477468.0,13418.91836177566,5,4340463616.0,4,15,512
debug,vco_current_max,0,15,12,0.0,-2.490779e-06,-1.25627e-09,6994688.0,17105.75692566687,5,3581280256.0,4,15,512
debug,vco_current_max,0,15,13,0.0,-3.177091e-06,-1.370114e-09,5498980.0,6349.184987067238,5,2815477760.0,4,15,512
debug,vco_current_max,0,15,14,0.0,-2.490735e-06,-1.812135e-09,20148120.0,240867.23936641944,5,1853627040.0,1,22,92
debug,vco_current_max,0,15,15,0.0,-2.833985e-06,-1.535474e-09,20336000.0,0.0,2,1870912000.0,1,22,92
debug,vco_current_min,0,15,0,0.75,0.7499743,1.950766e-10,nan,nan,0,nan,4,2,96
debug,vco_current_min,0,14,0,0.75,0.7499734,4.221252e-10,nan,nan,0,nan,4,2,96
debug,vco_current_min,0,13,0,0.75,0.7499731,-2.323095e-10,nan,nan,0,nan,4,2,96
debug,vco_current_min,0,12,0,0.75,0.7499724,5.124356e-10,nan,nan,0,nan,4,2,96
debug,vco_current_min,0,11,0,0.75,0.7499729,2.399483e-11,14560840.0,67880.65261913736,5,1397840640.0,4,2,96
debug,vco_current_min,0,10,0,0.75,0.7499731,7.487419e-11,15526720.0,93346.542517653,5,1490565120.0,4,2,96
debug,vco_current_min,0,9,0,0.75,0.7499729,4.717324e-10,20012420.0,159361.26254519948,5,1921192320.0,4,2,96
debug,vco_current_min,0,8,0,0.75,0.7499726,-2.176817e-10,20940840.0,112287.43473781917,5,2010320640.0,4,2,96
debug,vco_current_min,0,7,0,0.75,0.7499743,2.268763e-10,49164040.0,692072.8921146962,5,4719747840.0,4,2,96
debug,vco_current_min,0,6,0,0.75,0.7499739,6.326385e-10,20182600.0,115941.79574251901,5,4843824000.0,2,29,240
debug,vco_current_min,0,5,0,0.75,0.7499731,6.733417e-10,21425340.0,145716.70460177172,5,5142081600.0,2,29,240
debug,vco_current_min,0,4,0,0.75,0.7499735,7.706487e-10,21644500.0,161811.24806390933,5,5194680000.0,2,29,240
debug,vco_current_min,0,3,0,0.75,0.7499732,5.009883e-10,22755200.0,117677.86537832848,5,5461248000.0,2,29,240
debug,vco_current_min,0,2,0,0.75,0.7499743,3.648862e-10,23084600.0,83516.19603406276,5,5540304000.0,2,29,240
debug,vco_current_min,0,1,0,0.75,0.7499738,6.968736e-10,24216160.0,68743.82154055737,5,5811878400.0,2,29,240
debug,vco_current_min,0,0,0,0.75,0.7499739,6.905136e-10,24382720.0,107978.03943395156,5,5851852800.0,2,29,240
