swept,vco_tune_coarse,vco_current_min,vco_current_max,vctrl_set,vctrl_meas,i_ctrl,f_meas,f_std,n_valid,f_vco
vco_current_max,7,15,0,0.0,-5.235721e-06,-1.952692e-09,13937520.0,8873.105431583692,5,1393752000.0
vco_current_max,7,15,0,0.05,0.04999131,-1.289979e-09,13930000.0,0.0,5,1393000000.0
vco_current_max,7,15,0,0.1,0.09998316,-9.29366e-10,13927800.0,0.0,5,1392780000.0
vco_current_max,7,15,0,0.15,0.1499846,-7.729097e-10,13931040.0,7244.860247099318,5,1393104000.0
vco_current_max,7,15,0,0.2,0.199981,-5.382255e-10,13926780.0,7200.138887549323,5,1392678000.0
vco_current_max,7,15,0,0.25,0.2499745,-3.13717e-10,13920340.0,8818.333175833175,5,1392034000.0
vco_current_max,7,15,0,0.3,0.2999597,-1.87154e-10,13908340.0,7613.343549321809,5,1390834000.0
vco_current_max,7,15,0,0.35,0.3499967,-1.757061e-10,13897220.0,6216.268977449416,5,1389722000.0
vco_current_max,7,15,0,0.4,0.3999822,-5.677563e-11,13872200.0,0.0,5,1387220000.0
vco_current_max,7,15,0,0.45,0.4499757,-6.885946e-11,13814380.0,10812.585259779458,5,1381438000.0
vco_current_max,7,15,0,0.5,0.4999709,-3.133602e-11,13462580.0,23184.952016340252,5,1346258000.0
vco_current_max,7,15,0,0.55,0.5499659,-1.140518e-09,10946158.0,38180.174436479465,5,1094615800.0
vco_current_max,7,15,0,0.6,0.5999601,-1.044751e-10,5281972.0,335706.7248656184,5,528197200.0
vco_current_max,7,15,0,0.65,0.6499817,3.16272e-11,1746706.4,19066.581623353464,5,174670640.0
vco_current_max,7,15,0,0.7,0.6999683,-1.547184e-10,848481.48,8323.485632353815,5,84848148.0
vco_current_max,7,15,0,0.75,0.7499718,2.694883e-10,691495.16,1543.9948779060048,5,69149516.0
vco_current_max,7,15,1,0.0,-5.006994e-06,-1.848388e-09,13888880.0,6216.268977449416,5,1388888000.0
vco_current_max,7,15,1,0.05,0.04999315,-1.204755e-09,13886900.0,14906.709898565814,5,1388690000.0
vco_current_max,7,15,1,0.1,0.09998295,-8.28878e-10,13891660.0,12432.537954898831,5,1389166000.0
vco_current_max,7,15,1,0.15,0.1499833,-7.042216e-10,13888880.0,6216.268977449416,5,1388888000.0
vco_current_max,7,15,1,0.2,0.199981,-7.71273e-11,13883320.0,6216.268977449416,5,1388332000.0
vco_current_max,7,15,1,0.25,0.2499741,-3.347051e-10,13880540.0,7613.343549321809,5,1388054000.0
vco_current_max,7,15,1,0.3,0.2999594,-2.418493e-10,13869420.0,6216.268977449416,5,1386942000.0
vco_current_max,7,15,1,0.35,0.3499975,-7.903526e-11,13852740.0,7613.343549321809,5,1385274000.0
vco_current_max,7,15,1,0.4,0.3999827,-8.030725e-11,13834320.0,9201.73896608679,5,1383432000.0
vco_current_max,7,15,1,0.45,0.4499756,-2.179604e-11,13743320.0,2026.5734627691147,5,1374332000.0
vco_current_max,7,15,1,0.5,0.4999714,-5.295965e-11,13283860.0,32840.188793610796,5,1328386000.0
vco_current_max,7,15,1,0.55,0.5499669,-3.62689e-10,10234308.0,83993.5108803055,5,1023430800.0
vco_current_max,7,15,1,0.6,0.5999608,4.279688e-12,4454202.0,36238.98204972099,5,445420200.0
vco_current_max,7,15,1,0.65,0.6499816,1.410177e-10,1570532.6,42449.38164213938,5,157053260.0
vco_current_max,7,15,1,0.7,0.6999696,1.30206e-10,822007.08,5183.3211584851615,5,82200708.0
vco_current_max,7,15,1,0.75,0.7499709,-3.387995e-11,689547.84,1305.408236146855,5,68954784.0
vco_current_max,7,15,2,0.0,-4.892529e-06,-2.259245e-09,13843820.0,10883.10617425007,5,1384382000.0
vco_current_max,7,15,2,0.05,0.04999142,-1.342131e-09,13847180.0,6216.268977449416,5,1384718000.0
vco_current_max,7,15,2,0.1,0.09998253,-1.027946e-09,13837680.0,9201.73896608679,5,1383768000.0
vco_current_max,7,15,2,0.15,0.1499836,-6.806896e-10,13843820.0,10883.10617425007,5,1384382000.0
vco_current_max,7,15,2,0.2,0.1999802,-1.278531e-09,13834320.0,9201.73896608679,5,1383432000.0
vco_current_max,7,15,2,0.25,0.2499737,-1.005686e-09,13827600.0,0.0,5,1382760000.0
vco_current_max,7,15,2,0.3,0.2999592,-1.992378e-10,13822080.0,7558.571293571293,5,1382208000.0
vco_current_max,7,15,2,0.35,0.3499969,-1.267347e-10,13817140.0,7468.467044849298,5,1381714000.0
vco_current_max,7,15,2,0.4,0.3999815,-1.01295e-10,13786200.0,0.0,5,1378620000.0
vco_current_max,7,15,2,0.45,0.449974,5.007109e-11,13680820.0,12253.652516698847,5,1368082000.0
vco_current_max,7,15,2,0.5,0.4999708,9.239243e-10,13165160.0,25925.43152967757,5,1316516000.0
vco_current_max,7,15,2,0.55,0.5499647,3.035519e-11,9933536.0,143685.24447555497,5,993353600.0
vco_current_max,7,15,2,0.6,0.5999602,-7.649138e-11,4424616.0,39179.9059467988,5,442461600.0
vco_current_max,7,15,2,0.65,0.6499813,5.897471e-11,1546261.2,14065.18548402402,5,154626120.0
vco_current_max,7,15,2,0.7,0.6999686,1.117621e-10,825147.54,5851.626402804598,5,82514754.0
vco_current_max,7,15,2,0.75,0.7499712,-1.235548e-10,689997.9,1004.7625440869064,5,68999790.0
vco_current_max,7,15,3,0.0,-4.892572e-06,-2.069717e-09,13800000.0,0.0,5,1380000000.0
vco_current_max,7,15,3,0.05,0.0499919,-1.209843e-09,13794480.0,7558.571293571293,5,1379448000.0
vco_current_max,7,15,3,0.1,0.09998389,-8.555902e-10,13791720.0,7558.571293571293,5,1379172000.0
vco_current_max,7,15,3,0.15,0.1499844,-5.344095e-10,13797240.0,6171.5476178994195,5,1379724000.0
vco_current_max,7,15,3,0.2,0.1999807,-5.305934e-10,13786200.0,0.0,5,1378620000.0
vco_current_max,7,15,3,0.25,0.249974,-3.429731e-10,13788960.0,6171.5476178994195,5,1378896000.0
vco_current_max,7,15,3,0.3,0.2999598,-2.170456e-10,13775160.0,6171.5476178994195,5,1377516000.0
vco_current_max,7,15,3,0.35,0.3499967,-8.730316e-11,13758600.0,0.0,5,1375860000.0
vco_current_max,7,15,3,0.4,0.3999809,-9.747909e-11,13724660.0,6126.826258349423,5,1372466000.0
vco_current_max,7,15,3,0.45,0.449975,-7.64913e-11,13594560.0,7449.026782070259,5,1359456000.0
vco_current_max,7,15,3,0.5,0.4999706,-9.684317e-11,12822360.0,59393.332959179854,5,1282236000.0
vco_current_max,7,15,3,0.55,0.5499654,1.099676e-12,8892610.0,23979.556918341925,5,889261000.0
vco_current_max,7,15,3,0.6,0.5999604,-8.285135e-11,3754664.0,66009.794197528,5,375466400.0
vco_current_max,7,15,3,0.65,0.6499814,8.441456e-11,1390343.4,9656.520118552024,5,139034340.0
vco_current_max,7,15,3,0.7,0.6999686,2.357806e-10,803781.5599999999,1861.9827719396262,5,80378156.0
vco_current_max,7,15,3,0.75,0.7499714,-6.10729e-10,686415.78,1018.3214777269296,5,68641578.0
vco_current_max,7,15,4,0.0,-4.320667e-06,-1.922164e-09,13755840.0,6171.5476178994195,5,1375584000.0
vco_current_max,7,15,4,0.05,0.04999154,-1.211751e-09,13758600.0,0.0,5,1375860000.0
vco_current_max,7,15,4,0.1,0.09998297,-8.244254e-10,13755840.0,6171.5476178994195,5,1375584000.0
vco_current_max,7,15,4,0.15,0.1499844,-6.736937e-10,13750320.0,7558.571293571293,5,1375032000.0
vco_current_max,7,15,4,0.2,0.1999816,-5.134213e-10,13755840.0,6171.5476178994195,5,1375584000.0
vco_current_max,7,15,4,0.25,0.2499742,-4.822572e-10,13742040.0,6171.5476178994195,5,1374204000.0
vco_current_max,7,15,4,0.3,0.2999599,-2.56119e-11,13730280.0,1609.9689437998486,5,1373028000.0
vco_current_max,7,15,4,0.35,0.3499965,-1.407266e-10,13727400.0,0.0,5,1372740000.0
vco_current_max,7,15,4,0.4,0.3999819,-1.289219e-11,13700000.0,0.0,5,1370000000.0
vco_current_max,7,15,4,0.45,0.449975,1.467418e-10,13572800.0,0.0,5,1357280000.0
vco_current_max,7,15,4,0.5,0.4999708,-1.07019e-10,12953800.0,17469.974241537966,5,1295380000.0
vco_current_max,7,15,4,0.55,0.549966,7.973612e-10,9556122.0,63195.153057809744,5,955612200.0
vco_current_max,7,15,4,0.6,0.5999606,4.943482e-11,4403700.0,116202.54967082263,5,440370000.0
vco_current_max,7,15,4,0.65,0.6499826,1.219381e-10,1555860.8,25932.819046528664,5,155586080.0
vco_current_max,7,15,4,0.7,0.6999693,-2.179618e-11,821137.3,6146.412559778264,5,82113730.0
vco_current_max,7,15,4,0.75,0.7499706,1.441976e-10,687892.86,1147.8967889144203,5,68789286.0
vco_current_max,7,15,5,0.0,-5.578884e-06,-2.718437e-09,13700000.0,0.0,5,1370000000.0
vco_current_max,7,15,5,0.05,0.0499921,-1.648683e-09,13694520.0,12253.652516698847,5,1369452000.0
vco_current_max,7,15,5,0.1,0.09998278,-7.741816e-10,13694520.0,7503.799037820776,5,1369452000.0
vco_current_max,7,15,5,0.15,0.1499844,-5.808374e-10,13689040.0,6126.826258349423,5,1368904000.0
vco_current_max,7,15,5,0.2,0.1999814,-4.116612e-10,13678080.0,7503.799037820776,5,1367808000.0
vco_current_max,7,15,5,0.25,0.2499732,-1.737981e-10,13675340.0,6126.826258349423,5,1367534000.0
vco_current_max,7,15,5,0.3,0.2999589,-2.119577e-10,13661640.0,6126.826258349423,5,1366164000.0
vco_current_max,7,15,5,0.35,0.3499964,-3.410651e-10,13639720.0,12253.652516698847,5,1363972000.0
vco_current_max,7,15,5,0.4,0.3999817,-1.146509e-10,13597280.0,6082.104898799428,5,1359728000.0
vco_current_max,7,15,5,0.45,0.4499749,-1.407266e-10,13448700.0,6037.383539249432,5,1344870000.0
vco_current_max,7,15,5,0.5,0.4999708,-6.885946e-11,12521460.0,73063.55452617946,5,1252146000.0
vco_current_max,7,15,5,0.55,0.5499659,2.463144e-11,8568282.0,56930.19427333794,5,856828200.0
vco_current_max,7,15,5,0.6,0.5999619,-2.879197e-11,3714418.4,45385.4086992725,5,371441840.0
vco_current_max,7,15,5,0.65,0.6499823,9.840637e-11,1368511.4,27775.03014939858,5,136851140.0
vco_current_max,7,15,5,0.7,0.6999688,8.632242e-11,803568.0,5129.067501992915,5,80356800.0
vco_current_max,7,15,5,0.75,0.7499717,2.192447e-10,687380.64,858.9627250352437,5,68738064.0
vco_current_max,7,15,6,0.0,-5.350157e-06,-2.038552e-09,13600000.0,0.0,5,1360000000.0
vco_current_max,7,15,6,0.05,0.04999176,-1.218111e-09,13607120.0,9749.461523591957,5,1360712000.0
vco_current_max,7,15,6,0.1,0.09998294,-8.136138e-10,13594560.0,7449.026782070259,5,1359456000.0
vco_current_max,7,15,6,0.15,0.1499845,-5.484014e-10,13591840.0,7449.026782070259,5,1359184000.0
vco_current_max,7,15,6,0.2,0.1999811,-6.495255e-10,13589120.0,6082.104898799428,5,1358912000.0
vco_current_max,7,15,6,0.25,0.2499741,-2.74285e-10,13586400.0,0.0,5,1358640000.0
vco_current_max,7,15,6,0.3,0.2999588,-1.394546e-10,13567360.0,7449.026782070259,5,1356736000.0
vco_current_max,7,15,6,0.35,0.3499966,-4.341971e-11,13542880.0,6082.104898799428,5,1354288000.0
vco_current_max,7,15,6,0.4,0.3999809,-1.604423e-10,13470300.0,6037.383539249432,5,1347030000.0
vco_current_max,7,15,6,0.45,0.449974,6.215484e-11,13286700.0,0.0,5,1328670000.0
vco_current_max,7,15,6,0.5,0.4999703,1.753616e-10,12153320.0,95320.70604018835,5,1215332000.0
vco_current_max,7,15,6,0.55,0.5499667,-7.140342e-11,8022714.0,97282.00696942884,5,802271400.0
vco_current_max,7,15,6,0.6,0.5999607,-7.903538e-11,3588126.2,46536.66331184478,5,358812620.0
vco_current_max,7,15,6,0.65,0.6499822,2.955639e-10,1363855.8,14161.088630469058,5,136385580.0
vco_current_max,7,15,6,0.7,0.6999696,-6.313565e-11,803440.34,3816.322408811897,5,80344034.0
vco_current_max,7,15,6,0.75,0.749971,3.947783e-10,687123.48,928.8900322428073,5,68712348.0
vco_current_max,7,15,7,0.0,-5.578855e-06,-1.9069e-09,13473000.0,9545.941546018392,5,1347300000.0
vco_current_max,7,15,7,0.05,0.04999074,-7.404739e-10,13467600.0,7394.254526319743,5,1346760000.0
vco_current_max,7,15,7,0.1,0.09998351,2.217893e-10,13467600.0,7394.254526319743,5,1346760000.0
vco_current_max,7,15,7,0.15,0.149984,1.441981e-10,13475700.0,6037.383539249432,5,1347570000.0
vco_current_max,7,15,7,0.2,0.1999809,1.257542e-10,13451400.0,7394.254526319743,5,1345140000.0
vco_current_max,7,15,7,0.25,0.2499739,-2.83189e-10,13459500.0,0.0,5,1345950000.0
vco_current_max,7,15,7,0.3,0.2999593,-4.841652e-10,13442160.0,8586.501033599192,5,1344216000.0
vco_current_max,7,15,7,0.35,0.349996,-3.42973e-10,13408040.0,7339.482270569226,5,1340804000.0
vco_current_max,7,15,7,0.4,0.3999817,-7.394739e-11,13330440.0,3505.4243680330633,5,1333044000.0
vco_current_max,7,15,7,0.45,0.4499744,-1.986018e-10,13012100.0,16838.942959699103,5,1301210000.0
vco_current_max,7,15,7,0.5,0.4999706,9.01384e-11,11103004.0,128128.99000616527,5,1110300400.0
vco_current_max,7,15,7,0.55,0.5499662,4.243911e-11,6599710.0,91999.62092313207,5,659971000.0
vco_current_max,7,15,7,0.6,0.59996,-1.034822e-11,2777798.2,64869.049208385964,5,277779820.0
vco_current_max,7,15,7,0.65,0.649983,-8.475932e-11,1183315.4,7583.106869878598,5,118331539.99999999
vco_current_max,7,15,7,0.7,0.6999693,1.562815e-10,775874.16,4705.248553264771,5,77587416.0
vco_current_max,7,15,7,0.75,0.749971,4.017744e-10,684306.44,1598.621191214491,5,68430644.0
vco_current_max,7,15,8,0.0,-5.00695e-06,-1.688116e-09,13553760.0,7449.026782070259,5,1355376000.0
vco_current_max,7,15,8,0.05,0.04999096,-1.321779e-09,13548320.0,6082.104898799428,5,1354832000.0
vco_current_max,7,15,8,0.1,0.0999826,-6.787817e-10,13553760.0,7449.026782070259,5,1355376000.0
vco_current_max,7,15,8,0.15,0.1499836,-8.984714e-11,13548320.0,6082.104898799428,5,1354832000.0
vco_current_max,7,15,8,0.2,0.199982,-6.368054e-10,13545600.0,0.0,5,1354560000.0
vco_current_max,7,15,8,0.25,0.2499737,-1.750702e-10,13545600.0,0.0,5,1354560000.0
vco_current_max,7,15,8,0.3,0.2999609,-3.385211e-10,13553760.0,7449.026782070259,5,1355376000.0
vco_current_max,7,15,8,0.35,0.3499967,-2.412133e-10,13528300.0,8273.451516749223,5,1352830000.0
vco_current_max,7,15,8,0.4,0.3999811,2.574047e-10,13475700.0,6037.383539249432,5,1347570000.0
vco_current_max,7,15,8,0.45,0.4499749,-1.292787e-10,13370520.0,5992.662179699437,5,1337052000.0
vco_current_max,7,15,8,0.5,0.4999705,-2.246775e-10,12705460.0,24288.536390651454,5,1270546000.0
vco_current_max,7,15,8,0.55,0.5499654,1.034943e-10,9503662.0,113580.30339808043,5,950366200.0
vco_current_max,7,15,8,0.6,0.5999606,1.823573e-10,4263926.0,57925.36819045693,5,426392600.0
vco_current_max,7,15,8,0.65,0.6499808,3.636149e-10,1545677.6,10587.712727496908,5,154567760.0
vco_current_max,7,15,8,0.7,0.6999683,-1.89062e-10,826034.76,4954.821250358065,5,82603476.0
vco_current_max,7,15,8,0.75,0.7499702,1.041301e-10,688900.66,1617.4146555537293,5,68890066.0
vco_current_max,7,15,9,0.0,-5.464477e-06,-1.656316e-09,13413400.0,0.0,5,1341340000.0
vco_current_max,7,15,9,0.05,0.04999041,-1.393647e-09,13405360.0,7339.482270569226,5,1340536000.0
vco_current_max,7,15,9,0.1,0.09998328,-6.673336e-10,13405360.0,7339.482270569226,5,1340536000.0
vco_current_max,7,15,9,0.15,0.1499843,-1.080098e-09,13401120.0,11557.335333025516,5,1340112000.0
vco_current_max,7,15,9,0.2,0.1999808,-3.817691e-10,13401120.0,11557.335333025516,5,1340112000.0
vco_current_max,7,15,9,0.25,0.2499736,3.735132e-11,13389280.0,5992.662179699437,5,1338928000.0
vco_current_max,7,15,9,0.3,0.2999587,-3.70598e-11,13383920.0,5992.662179699437,5,1338392000.0
vco_current_max,7,15,9,0.35,0.3499968,8.950266e-11,13375880.0,5992.662179699437,5,1337588000.0
vco_current_max,7,15,9,0.4,0.3999807,1.511938e-10,13322560.0,8847.76808014315,5,1332256000.0
vco_current_max,7,15,9,0.45,0.4499739,-3.08629e-10,13141420.0,9170.169027886019,5,1314142000.0
vco_current_max,7,15,9,0.5,0.4999711,1.823572e-10,12090120.0,49070.22518798951,5,1209012000.0
vco_current_max,7,15,9,0.55,0.5499661,-2.507532e-10,8227850.0,82246.93398540762,5,822785000.0
vco_current_max,7,15,9,0.6,0.5999613,-5.000652e-10,3718751.2,56723.51591007031,5,371875120.0
vco_current_max,7,15,9,0.65,0.6499817,-1.14015e-10,1352378.2,23220.12618828761,5,135237820.0
vco_current_max,7,15,9,0.7,0.6999693,1.96985e-10,801929.86,5153.812860688678,5,80192986.0
vco_current_max,7,15,9,0.75,0.7499702,5.474161e-10,685121.48,873.5276938941485,5,68512148.0
vco_current_max,7,15,10,0.0,-5.578855e-06,-1.947604e-09,13168320.0,11806.43892119889,5,1316832000.0
vco_current_max,7,15,10,0.05,0.04999141,-1.609887e-09,13164100.0,17663.238661128937,5,1316410000.0
vco_current_max,7,15,10,0.1,0.09998375,-1.214931e-09,13163040.0,5903.219460599445,5,1316304000.0
vco_current_max,7,15,10,0.15,0.1499838,-8.021659e-10,13163040.0,5903.219460599445,5,1316304000.0
vco_current_max,7,15,10,0.2,0.199981,-2.85733e-10,13160400.0,9333.809511662428,5,1316040000.0
vco_current_max,7,15,10,0.25,0.2499747,1.314782e-10,13147740.0,11556.945963359005,5,1314774000.0
vco_current_max,7,15,10,0.3,0.299959,-6.889574e-10,13143000.0,9391.485505499117,5,1314300000.0
vco_current_max,7,15,10,0.35,0.3499968,1.232103e-10,13105240.0,7175.165503317676,5,1310524000.0
vco_current_max,7,15,10,0.4,0.3999822,2.694886e-10,13063320.0,5858.498101049449,5,1306332000.0
vco_current_max,7,15,10,0.45,0.4499748,2.675802e-10,12810240.0,10709.248339636168,5,1281024000.0
vco_current_max,7,15,10,0.5,0.499971,-2.65381e-10,11488284.0,12102.135348772134,5,1148828400.0
vco_current_max,7,15,10,0.55,0.5499665,-1.769781e-10,7625942.0,105507.86852173632,5,762594200.0
vco_current_max,7,15,10,0.6,0.5999603,-1.8779e-10,3480368.8,58640.03205746054,5,348036880.0
vco_current_max,7,15,10,0.65,0.6499826,4.4375e-10,1384345.6,26855.108616425292,5,138434560.0
vco_current_max,7,15,10,0.7,0.6999701,3.438993e-10,801267.82,4465.993918715099,5,80126782.0
vco_current_max,7,15,10,0.75,0.7499713,1.836292e-10,686720.44,1673.2405753507242,5,68672044.0
vco_current_max,7,15,11,0.0,-5.006936e-06,-2.035373e-09,12800000.0,0.0,5,1280000000.0
vco_current_max,7,15,11,0.05,0.04999211,-1.419723e-09,12794880.0,7010.848736066127,5,1279488000.0
vco_current_max,7,15,11,0.1,0.09998284,-8.867541e-10,12789760.0,5724.334022399462,5,1278976000.0
vco_current_max,7,15,11,0.15,0.1499845,-1.797995e-11,12779520.0,11448.668044798924,5,1277952000.0
vco_current_max,7,15,11,0.2,0.1999804,-7.150335e-10,12782080.0,7010.848736066127,5,1278208000.0
vco_current_max,7,15,11,0.25,0.2499743,1.445571e-11,12764160.0,5724.334022399462,5,1276416000.0
vco_current_max,7,15,11,0.3,0.2999598,4.240347e-10,12749220.0,8328.385197623847,5,1274922000.0
vco_current_max,7,15,11,0.35,0.3499959,-4.803492e-10,12716460.0,10263.430225806575,5,1271646000.0
vco_current_max,7,15,11,0.4,0.3999822,-2.583851e-10,12607560.0,6901.304224565093,5,1260756000.0
vco_current_max,7,15,11,0.45,0.4499749,-3.04813e-10,12133300.0,18502.97273413113,5,1213330000.0
vco_current_max,7,15,11,0.5,0.4999712,7.15319e-10,10108136.0,72123.04264241768,5,1010813600.0
vco_current_max,7,15,11,0.55,0.5499651,-6.822344e-11,6206490.0,171590.18809360865,5,620649000.0
vco_current_max,7,15,11,0.6,0.5999605,-6.145452e-10,2769003.2,56454.19675453721,5,276900320.0
vco_current_max,7,15,11,0.65,0.6499817,1.766333e-10,1174633.2,20678.851435705998,5,117463320.0
vco_current_max,7,15,11,0.7,0.6999691,3.852385e-10,777167.94,3915.6165412358737,5,77716794.0
vco_current_max,7,15,11,0.75,0.7499703,2.071609e-10,686400.12,1224.7718591639743,5,68640012.0
vco_current_max,7,15,12,0.0,-5.921989e-06,-9.007463e-10,12122040.0,14165.556819271173,5,1212204000.0
vco_current_max,7,15,12,0.05,0.04999108,-8.861181e-10,12123320.0,6463.12617856096,5,1212332000.0
vco_current_max,7,15,12,0.1,0.09998282,-1.17677e-09,12123320.0,6463.12617856096,5,1212332000.0
vco_current_max,7,15,12,0.15,0.1499838,2.122492e-10,12113140.0,4984.275273297012,5,1211314000.0
vco_current_max,7,15,12,0.2,0.1999807,-4.008492e-10,12116800.0,11786.432878526055,5,1211680000.0
vco_current_max,7,15,12,0.25,0.2499736,-2.90185e-10,12110820.0,16267.052591050415,5,1211082000.0
vco_current_max,7,15,12,0.3,0.2999593,-3.451581e-11,12108980.0,7388.301563959068,5,1210898000.0
vco_current_max,7,15,12,0.35,0.3499966,-1.489944e-10,12086100.0,11700.0,5,1208610000.0
vco_current_max,7,15,12,0.4,0.3999804,-3.722291e-10,12003740.0,15040.212764452503,5,1200374000.0
vco_current_max,7,15,12,0.45,0.4499746,-5.299572e-10,11673900.0,13349.71909816832,5,1167390000.0
vco_current_max,7,15,12,0.5,0.4999706,3.693389e-10,10270080.0,30929.684770459593,5,1027008000.0
vco_current_max,7,15,12,0.55,0.5499658,9.226522e-10,7130362.0,77719.8167779621,5,713036200.0
vco_current_max,7,15,12,0.6,0.5999612,-1.400906e-10,3465023.0,52412.72981824168,5,346502300.0
vco_current_max,7,15,12,0.65,0.6499828,7.169471e-11,1347967.2,7677.7021106578495,5,134796720.0
vco_current_max,7,15,12,0.7,0.6999693,4.284861e-10,800488.66,3804.3155229292115,5,80048866.0
vco_current_max,7,15,12,0.75,0.7499712,3.597989e-10,686541.16,339.02847668007206,5,68654116.0
vco_current_max,7,15,13,0.0,-6.608287e-06,-2.263696e-09,10615118.0,11593.775053881285,5,1061511800.0
vco_current_max,7,15,13,0.05,0.04999085,-1.9228e-09,10626096.0,19560.257667014514,5,1062609600.0
vco_current_max,7,15,13,0.1,0.09998316,-1.718901e-10,10628476.0,14861.521792871685,5,1062847600.0
vco_current_max,7,15,13,0.15,0.1499833,-8.975659e-10,10629580.0,12405.045344536231,5,1062958000.0
vco_current_max,7,15,13,0.2,0.1999799,-4.937052e-10,10618008.0,11863.503698317794,5,1061800800.0
vco_current_max,7,15,13,0.25,0.2499749,-5.255053e-10,10614552.0,13764.894478345992,5,1061455200.0
vco_current_max,7,15,13,0.3,0.2999583,-2.068698e-10,10605432.0,14500.548955125802,5,1060543200.0
vco_current_max,7,15,13,0.35,0.3499964,-3.582371e-10,10558888.0,13571.562916628283,5,1055888800.0
vco_current_max,7,15,13,0.4,0.3999819,-5.486761e-11,10420612.0,12042.685331768824,5,1042061200.0
vco_current_max,7,15,13,0.45,0.4499754,1.594616e-10,9889286.0,3394.1169691099335,5,988928600.0
vco_current_max,7,15,13,0.5,0.4999716,1.912612e-10,8377126.0,15861.313943050242,5,837712600.0
vco_current_max,7,15,13,0.55,0.549967,-3.843131e-10,5637080.0,64668.15019775964,5,563708000.0
vco_current_max,7,15,13,0.6,0.5999612,-9.302722e-11,2642741.2,38089.01021554643,5,264274120.00000003
vco_current_max,7,15,13,0.65,0.6499816,4.793649e-10,1173310.0,8510.825664998667,5,117331000.0
vco_current_max,7,15,13,0.7,0.6999691,-1.286428e-10,777735.52,3238.832985351353,5,77773552.0
vco_current_max,7,15,13,0.75,0.7499714,1.74725e-10,685628.52,986.1793001275032,5,68562852.0
vco_current_max,7,15,14,0.0,-4.435133e-06,-1.749171e-09,7780986.0,17013.114941127038,5,778098600.0
vco_current_max,7,15,14,0.05,0.04999165,-1.239735e-09,7780034.0,12960.520051294237,5,778003400.0
vco_current_max,7,15,14,0.1,0.0999836,-6.310815e-10,7782622.0,9237.798439022146,5,778262200.0
vco_current_max,7,15,14,0.15,0.1499839,-3.07357e-10,7769470.0,15589.804360542823,5,776947000.0
vco_current_max,7,15,14,0.2,0.1999806,8.63227e-11,7775940.0,8366.657038507075,5,777594000.0
vco_current_max,7,15,14,0.25,0.249974,-3.833169e-11,7764662.0,15459.99256144711,5,776466200.0
vco_current_max,7,15,14,0.3,0.2999591,-5.48676e-11,7748504.0,18742.30055249355,5,774850400.0
vco_current_max,7,15,14,0.35,0.3499973,-2.69197e-10,7697204.0,6714.203601321604,5,769720400.0
vco_current_max,7,15,14,0.4,0.3999813,-4.275612e-10,7615656.0,7927.435272520363,5,761565600.0
vco_current_max,7,15,14,0.45,0.449975,-1.636223e-10,7364542.0,10852.558223755355,5,736454200.0
vco_current_max,7,15,14,0.5,0.4999719,1.155782e-10,6623188.0,30434.544846276247,5,662318800.0
vco_current_max,7,15,14,0.55,0.5499651,-1.225625e-11,4892772.0,27613.415580112505,5,489277200.0
vco_current_max,7,15,14,0.6,0.5999603,-3.894011e-10,2590915.2,13907.802655344229,5,259091520.00000003
vco_current_max,7,15,14,0.65,0.6499817,1.461057e-10,1156560.4,9090.18274293757,5,115656039.99999999
vco_current_max,7,15,14,0.7,0.6999696,2.981076e-10,779304.06,3815.575649623525,5,77930406.0
vco_current_max,7,15,14,0.75,0.749971,5.550483e-10,683507.86,1876.9249500179887,5,68350786.0
vco_current_max,7,15,15,0.0,-5.464433e-06,-1.521484e-09,3968076.0,5957.48940410304,5,396807600.0
vco_current_max,7,15,15,0.05,0.04999082,-1.522754e-09,3968244.0,1690.467390989841,5,396824400.0
vco_current_max,7,15,15,0.1,0.0999826,-1.074374e-09,3966112.0,6908.669915403399,5,396611200.0
vco_current_max,7,15,15,0.15,0.1499838,-8.072539e-10,3969470.0,7104.315589836927,5,396947000.0
vco_current_max,7,15,15,0.2,0.1999815,-2.437573e-10,3958824.0,2414.33841869776,5,395882400.0
vco_current_max,7,15,15,0.25,0.2499738,9.735325e-10,3938792.0,4527.197808799611,5,393879200.0
vco_current_max,7,15,15,0.3,0.2999591,7.614678e-11,3909548.0,4961.322404359547,5,390954800.0
vco_current_max,7,15,15,0.35,0.3499964,-8.082979e-13,3879248.0,7532.670177301008,5,387924800.0
vco_current_max,7,15,15,0.4,0.3999808,5.261511e-11,3835275.6,4746.847037771493,5,383527560.0
vco_current_max,7,15,15,0.45,0.4499748,-1.85246e-10,3737666.0,5728.820122852523,5,373766600.0
vco_current_max,7,15,15,0.5,0.4999712,2.071611e-10,3467389.6,4333.023747915537,5,346738960.0
vco_current_max,7,15,15,0.55,0.5499663,-1.935139e-10,2759813.2,22360.82307742718,5,275981320.0
vco_current_max,7,15,15,0.6,0.5999611,-6.56796e-11,1667535.8,19653.601265416983,5,166753580.0
vco_current_max,7,15,15,0.65,0.6499814,-2.221336e-10,968463.3,5290.400204143362,5,96846330.0
vco_current_max,7,15,15,0.7,0.6999687,1.763531e-11,752408.26,2262.109926153015,5,75240826.0
vco_current_max,7,15,15,0.75,0.7499708,-1.407266e-10,681137.86,1551.02073745001,5,68113786.0
vco_current_min,7,0,0,0.0,-5.693233e-06,-2.015656e-09,14085900.0,0.0,5,1408590000.0
vco_current_min,7,0,0,0.05,0.0499904,-9.980543e-10,14091540.0,7722.888060822842,5,1409154000.0
vco_current_min,7,0,0,0.1,0.09998374,-1.485867e-09,14085900.0,0.0,5,1408590000.0
vco_current_min,7,0,0,0.15,0.149984,-5.293213e-10,14085900.0,9970.20561473032,5,1408590000.0
vco_current_min,7,0,0,0.2,0.1999817,-3.970331e-10,14085900.0,0.0,5,1408590000.0
vco_current_min,7,0,0,0.25,0.2499744,-1.496305e-10,14080260.0,7722.888060822842,5,1408026000.0
vco_current_min,7,0,0,0.3,0.2999581,-4.466412e-10,14083080.0,6305.711696549407,5,1408308000.0
vco_current_min,7,0,0,0.35,0.3499953,-2.393054e-10,14080260.0,7722.888060822842,5,1408026000.0
vco_current_min,7,0,0,0.4,0.3999813,-2.043258e-10,14068980.0,6305.711696549407,5,1406898000.0
vco_current_min,7,0,0,0.45,0.449974,1.333858e-10,14028640.0,14804.32369275949,5,1402864000.0
vco_current_min,7,0,0,0.5,0.4999698,-1.496306e-10,13986000.0,0.0,5,1398600000.0
vco_current_min,7,0,0,0.55,0.5499651,1.537377e-10,13829940.0,10845.874791827537,5,1382994000.0
vco_current_min,7,0,0,0.6,0.5999597,1.874451e-10,13650680.0,7503.799037820776,5,1365068000.0
vco_current_min,7,0,0,0.65,0.649983,-2.113217e-10,13564640.0,7449.026782070259,5,1356464000.0
vco_current_min,7,0,0,0.7,0.699969,2.75212e-10,13534720.0,6082.104898799428,5,1353472000.0
vco_current_min,7,0,0,0.75,0.7499712,-5.166011e-10,13534720.0,6082.104898799428,5,1353472000.0
vco_current_min,7,1,0,0.0,-4.435075e-06,-2.089432e-09,14091540.0,7722.888060822842,5,1409154000.0
vco_current_min,7,1,0,0.05,0.04999151,-1.613703e-09,14083080.0,6305.711696549407,5,1408308000.0
vco_current_min,7,1,0,0.1,0.0999838,-6.845055e-10,14080260.0,7722.888060822842,5,1408026000.0
vco_current_min,7,1,0,0.15,0.1499841,-7.773621e-10,14083080.0,6305.711696549407,5,1408308000.0
vco_current_min,7,1,0,0.2,0.1999807,-6.329897e-10,14080260.0,7722.888060822842,5,1408026000.0
vco_current_min,7,1,0,0.25,0.2499738,-3.404291e-10,14085900.0,0.0,5,1408590000.0
vco_current_min,7,1,0,0.3,0.2999584,-3.556931e-10,14083080.0,6305.711696549407,5,1408308000.0
vco_current_min,7,1,0,0.35,0.3499955,-4.142052e-10,14074620.0,6305.711696549407,5,1407462000.0
vco_current_min,7,1,0,0.4,0.3999817,-1.734404e-11,14063340.0,7722.888060822842,5,1406334000.0
vco_current_min,7,1,0,0.45,0.4499747,-1.159229e-10,14028320.0,10474.349621814235,5,1402832000.0
vco_current_min,7,1,0,0.5,0.4999711,-3.30253e-10,13977600.0,7668.115805072325,5,1397760000.0
vco_current_min,7,1,0,0.55,0.5499661,2.208747e-11,13830500.0,0.0,5,1383050000.0
vco_current_min,7,1,0,0.6,0.5999613,-2.71741e-10,13633380.0,6864.910778735584,5,1363338000.0
vco_current_min,7,1,0,0.65,0.649981,-4.638132e-10,13545600.0,0.0,5,1354560000.0
vco_current_min,7,1,0,0.7,0.6999691,-2.78101e-10,13524300.0,6037.383539249432,5,1352430000.0
vco_current_min,7,1,0,0.75,0.749971,3.966866e-10,13519920.0,14355.55641554865,5,1351992000.0
vco_current_min,7,2,0,0.0,-4.663816e-06,-1.905628e-09,14074620.0,6305.711696549407,5,1407462000.0
vco_current_min,7,2,0,0.05,0.04999169,-1.414636e-09,14074620.0,11796.906374130465,5,1407462000.0
vco_current_min,7,2,0,0.1,0.0999834,-9.261861e-10,14074620.0,6305.711696549407,5,1407462000.0
vco_current_min,7,2,0,0.15,0.149984,-6.234496e-10,14074620.0,6305.711696549407,5,1407462000.0
vco_current_min,7,2,0,0.2,0.1999813,-4.364653e-10,14068980.0,6305.711696549407,5,1406898000.0
vco_current_min,7,2,0,0.25,0.2499732,-3.188051e-10,14063340.0,7722.888060822842,5,1406334000.0
vco_current_min,7,2,0,0.3,0.2999607,-1.960324e-09,14068980.0,6305.711696549407,5,1406898000.0
vco_current_min,7,2,0,0.35,0.3499968,-2.049617e-10,14060200.0,12378.004685731865,5,1406020000.0
vco_current_min,7,2,0,0.4,0.3999819,-1.629863e-10,14046420.0,6305.711696549407,5,1404642000.0
vco_current_min,7,2,0,0.45,0.4499728,1.906254e-10,14020500.0,13280.624985293425,5,1402050000.0
vco_current_min,7,2,0,0.5,0.4999711,-6.949545e-11,13966400.0,7668.115805072325,5,1396640000.0
vco_current_min,7,2,0,0.55,0.5499659,2.208742e-11,13797240.0,6171.5476178994195,5,1379724000.0
vco_current_min,7,2,0,0.6,0.5999609,1.982572e-10,13578240.0,7449.026782070259,5,1357824000.0
vco_current_min,7,2,0,0.65,0.6499817,3.480713e-11,13457140.0,3231.56308928048,5,1345714000.0
vco_current_min,7,2,0,0.7,0.6999695,-3.4516e-11,13446000.0,0.0,5,1344600000.0
vco_current_min,7,2,0,0.75,0.7499718,3.426272e-10,13430640.0,8586.501033599192,5,1343064000.0
vco_current_min,7,3,0,0.0,-5.464535e-06,-1.819131e-09,14071800.0,0.0,5,1407180000.0
vco_current_min,7,3,0,0.05,0.04999076,-8.021661e-10,14071800.0,0.0,5,1407180000.0
vco_current_min,7,3,0,0.1,0.09998219,-9.834267e-10,14071800.0,9970.20561473032,5,1407180000.0
vco_current_min,7,3,0,0.15,0.1499832,-6.940457e-10,14077440.0,7722.888060822842,5,1407744000.0
vco_current_min,7,3,0,0.2,0.1999819,-4.962494e-10,14071800.0,0.0,5,1407180000.0
vco_current_min,7,3,0,0.25,0.2499744,-2.170456e-10,14066160.0,7722.888060822842,5,1406616000.0
vco_current_min,7,3,0,0.3,0.2999596,-2.564771e-10,14066160.0,7722.888060822842,5,1406616000.0
vco_current_min,7,3,0,0.35,0.3499965,-1.095629e-10,14057380.0,10544.99881460401,5,1405738000.0
vco_current_min,7,3,0,0.4,0.3999822,-4.214774e-11,14042000.0,0.0,5,1404200000.0
vco_current_min,7,3,0,0.45,0.4499743,-2.348534e-10,14011200.0,6260.990336999411,5,1401120000.0
vco_current_min,7,3,0,0.5,0.4999714,2.908343e-11,13958000.0,0.0,5,1395800000.0
vco_current_min,7,3,0,0.55,0.5499664,8.505047e-11,13788960.0,6171.5476178994195,5,1378896000.0
vco_current_min,7,3,0,0.6,0.5999615,2.058891e-10,13567360.0,7449.026782070259,5,1356736000.0
vco_current_min,7,3,0,0.65,0.6499819,9.016644e-10,13451400.0,7394.254526319743,5,1345140000.0
vco_current_min,7,3,0,0.7,0.6999701,1.827133e-11,13417220.0,8541.779674049196,5,1341722000.0
vco_current_min,7,3,0,0.75,0.7499722,6.275512e-10,13414540.0,11596.033804710989,5,1341454000.0
vco_current_min,7,4,0,0.0,-5.121386e-06,-2.0977e-09,14057700.0,0.0,5,1405770000.0
vco_current_min,7,4,0,0.05,0.0499912,-1.178043e-09,14054240.0,12569.128848094446,5,1405424000.0
vco_current_min,7,4,0,0.1,0.09998361,-9.34454e-10,14057700.0,0.0,5,1405770000.0
vco_current_min,7,4,0,0.15,0.1499861,-2.638936e-09,14057380.0,10544.99881460401,5,1405738000.0
vco_current_min,7,4,0,0.2,0.1999808,-5.096052e-10,14049240.0,7722.888060822842,5,1404924000.0
vco_current_min,7,4,0,0.25,0.2499743,-3.18805e-10,14054560.0,7021.2534493493395,5,1405456000.0
vco_current_min,7,4,0,0.3,0.2999598,-7.776331e-11,14043600.0,0.0,5,1404360000.0
vco_current_min,7,4,0,0.35,0.3499977,-9.878777e-10,14037360.0,8544.471897080592,5,1403736000.0
vco_current_min,7,4,0,0.4,0.3999826,-2.221335e-10,14029220.0,10472.201296766598,5,1402922000.0
vco_current_min,7,4,0,0.45,0.4499758,-1.877899e-10,14003080.0,6887.089370699352,5,1400308000.0
vco_current_min,7,4,0,0.5,0.4999713,1.022224e-10,13944960.0,7289.581606649314,5,1394496000.0
vco_current_min,7,4,0,0.55,0.5499651,-2.367614e-10,13746080.0,7239.267918788474,5,1374608000.0
vco_current_min,7,4,0,0.6,0.5999606,-1.012951e-10,13489200.0,6037.383539249432,5,1348920000.0
vco_current_min,7,4,0,0.65,0.6499819,7.423867e-11,13363860.0,14596.848975035673,5,1336386000.0
vco_current_min,7,4,0,0.7,0.6999698,-1.734421e-11,13318340.0,2817.445651649735,5,1331834000.0
vco_current_min,7,4,0,0.75,0.7499724,5.385127e-10,13323840.0,9970.10531539161,5,1332384000.0
vco_current_min,7,5,0,0.0,-4.206304e-06,-2.053181e-09,14054560.0,7021.2534493493395,5,1405456000.0
vco_current_min,7,5,0,0.05,0.04999258,-1.328139e-09,14057060.0,14904.294683077089,5,1405706000.0
vco_current_min,7,5,0,0.1,0.09998294,-8.47322e-10,14057380.0,10544.99881460401,5,1405738000.0
vco_current_min,7,5,0,0.15,0.1499842,-6.234496e-10,14051420.0,8599.244152831108,5,1405142000.0
vco_current_min,7,5,0,0.2,0.1999811,-1.901175e-09,14048940.0,13202.38614796583,5,1404894000.0
vco_current_min,7,5,0,0.25,0.2499723,-3.06721e-10,14043300.0,10508.567932882197,5,1404330000.0
vco_current_min,7,5,0,0.3,0.2999597,-1.788861e-10,14040480.0,6976.532089799344,5,1404048000.0
vco_current_min,7,5,0,0.35,0.3499959,-3.07357e-10,14037360.0,8544.471897080592,5,1403736000.0
vco_current_min,7,5,0,0.4,0.3999822,-3.896794e-11,14023300.0,8489.699641330075,5,1402330000.0
vco_current_min,7,5,0,0.45,0.4499756,-1.680742e-10,13997200.0,6260.990336999411,5,1399720000.0
vco_current_min,7,5,0,0.5,0.4999715,1.174863e-10,13944000.0,0.0,5,1394400000.0
vco_current_min,7,5,0,0.55,0.5499661,-2.179606e-11,13742580.0,2026.5734627691147,5,1374258000.0
vco_current_min,7,5,0,0.6,0.599961,3.035525e-11,13464900.0,7394.254526319743,5,1346490000.0
vco_current_min,7,5,0,0.65,0.6499822,-2.71641e-12,13315960.0,5947.940820149441,5,1331596000.0
vco_current_min,7,5,0,0.7,0.6999692,6.823514e-12,13300000.0,0.0,5,1330000000.0
vco_current_min,7,5,0,0.75,0.7499727,4.195824e-10,13289360.0,5947.940820149441,5,1328936000.0
vco_current_min,7,6,0,0.0,-4.892572e-06,-1.854112e-09,14043300.0,10508.567932882197,5,1404330000.0
vco_current_min,7,6,0,0.05,0.04999108,-1.309695e-09,14040780.0,11796.906374130465,5,1404078000.0
vco_current_min,7,6,0,0.1,0.09998367,-9.579865e-10,14037960.0,7722.888060822842,5,1403796000.0
vco_current_min,7,6,0,0.15,0.1499848,-8.263338e-10,14040480.0,6976.532089799344,5,1404048000.0
vco_current_min,7,6,0,0.2,0.1999816,1.429262e-10,14034240.0,8544.471897080592,5,1403424000.0
vco_current_min,7,6,0,0.25,0.2499743,-3.499691e-10,14032040.0,12304.592638523227,5,1403204000.0
vco_current_min,7,6,0,0.3,0.2999605,-2.106857e-10,14029220.0,10472.201296766598,5,1402922000.0
vco_current_min,7,6,0,0.35,0.3499959,-1.267347e-10,14023300.0,8489.699641330075,5,1402330000.0
vco_current_min,7,6,0,0.4,0.3999828,-1.222827e-10,14015400.0,0.0,5,1401540000.0
vco_current_min,7,6,0,0.45,0.4499755,-6.822343e-11,14002800.0,6260.990336999411,5,1400280000.0
vco_current_min,7,6,0,0.5,0.4999718,-3.874931e-10,13926360.0,12729.61114881362,5,1392636000.0
vco_current_min,7,6,0,0.55,0.549967,2.9938e-10,13700000.0,16779.00473806477,5,1370000000.0
vco_current_min,7,6,0,0.6,0.5999621,-3.388007e-11,13397320.0,5992.662179699437,5,1339732000.0
vco_current_min,7,6,0,0.65,0.6499837,6.211919e-10,13211980.0,13721.588829286498,5,1321198000.0
vco_current_min,7,6,0,0.7,0.6999699,9.204643e-11,13170960.0,5903.219460599445,5,1317096000.0
vco_current_min,7,6,0,0.75,0.7499723,4.456576e-10,13156180.0,9436.206865049113,5,1315618000.0
vco_current_min,7,7,0,0.0,-5.006979e-06,-1.825492e-09,14028320.0,10474.349621814235,5,1402832000.0
vco_current_min,7,7,0,0.05,0.04999212,-1.526571e-09,14040780.0,6305.711696549407,5,1404078000.0
vco_current_min,7,7,0,0.1,0.09998342,-8.32694e-10,14032320.0,6305.711696549407,5,1403232000.0
vco_current_min,7,7,0,0.15,0.1499844,-6.139096e-10,14034240.0,8544.471897080592,5,1403424000.0
vco_current_min,7,7,0,0.2,0.1999811,-5.630296e-10,14032040.0,12304.592638523227,5,1403204000.0
vco_current_min,7,7,0,0.25,0.249974,-2.469372e-10,14025200.0,6260.990336999411,5,1402520000.0
vco_current_min,7,7,0,0.3,0.2999586,-2.85097e-10,14028940.0,14803.310440573758,5,1402894000.0
vco_current_min,7,7,0,0.35,0.3499961,-6.504347e-11,14020200.0,8489.699641330075,5,1402020000.0
vco_current_min,7,7,0,0.4,0.3999812,-1.273707e-10,14009240.0,8434.927385579558,5,1400924000.0
vco_current_min,7,7,0,0.45,0.4499753,-1.222828e-10,14002800.0,6260.990336999411,5,1400280000.0
vco_current_min,7,7,0,0.5,0.4999705,6.151893e-11,13919460.0,7613.343549321809,5,1391946000.0
vco_current_min,7,7,0,0.55,0.5499675,-5.359559e-11,13683560.0,11462.242363516834,5,1368356000.0
vco_current_min,7,7,0,0.6,0.5999613,-8.348736e-11,13367840.0,7339.482270569226,5,1336784000.0
vco_current_min,7,7,0,0.65,0.649982,-5.03881e-10,13200000.0,0.0,5,1320000000.0
vco_current_min,7,7,0,0.7,0.6999694,-3.98941e-10,13129320.0,4272.235948540296,5,1312932000.0
vco_current_min,7,7,0,0.75,0.7499725,2.465926e-10,13129320.0,4272.235948540296,5,1312932000.0
vco_current_min,7,8,0,0.0,-4.320638e-06,-2.004845e-09,13991600.0,7668.115805072325,5,1399160000.0
vco_current_min,7,8,0,0.05,0.04999097,-2.013748e-09,13986000.0,0.0,5,1398600000.0
vco_current_min,7,8,0,0.1,0.09998262,-9.611664e-10,13986000.0,0.0,5,1398600000.0
vco_current_min,7,8,0,0.15,0.1499836,-5.623935e-10,13986000.0,0.0,5,1398600000.0
vco_current_min,7,8,0,0.2,0.1999802,-4.262892e-10,13983200.0,11713.240371477057,5,1398320000.0
vco_current_min,7,8,0,0.25,0.2499742,-3.258011e-10,13977600.0,7668.115805072325,5,1397760000.0
vco_current_min,7,8,0,0.3,0.2999596,-2.456652e-10,13980400.0,7668.115805072325,5,1398040000.0
vco_current_min,7,8,0,0.35,0.3499968,-1.254626e-10,13974800.0,6260.990336999411,5,1397480000.0
vco_current_min,7,8,0,0.4,0.3999814,-1.394546e-10,13958000.0,0.0,5,1395800000.0
vco_current_min,7,8,0,0.45,0.4499738,-7.140341e-11,13908340.0,7613.343549321809,5,1390834000.0
vco_current_min,7,8,0,0.5,0.4999705,-9.239119e-11,13741340.0,16566.472165189545,5,1374134000.0
vco_current_min,7,8,0,0.55,0.5499659,-6.758746e-11,12901840.0,23486.86867166417,5,1290184000.0
vco_current_min,7,8,0,0.6,0.5999609,-7.16821e-12,10357978.0,58292.80161392142,5,1035797800.0
vco_current_min,7,8,0,0.65,0.649982,-3.988337e-12,8776156.0,16462.862144839823,5,877615600.0
vco_current_min,7,8,0,0.7,0.6999687,7.360279e-11,8391568.0,11300.11814097534,5,839156800.0
vco_current_min,7,8,0,0.75,0.7499714,4.138584e-10,8333078.0,10738.601864302447,5,833307800.0
vco_current_min,7,9,0,0.0,-5.464404e-06,-1.966685e-09,13983200.0,6260.990336999411,5,1398320000.0
vco_current_min,7,9,0,0.05,0.04999122,-1.352307e-09,13986000.0,0.0,5,1398600000.0
vco_current_min,7,9,0,0.1,0.0999832,-8.861182e-10,13986000.0,0.0,5,1398600000.0
vco_current_min,7,9,0,0.15,0.149984,-6.895937e-10,13986000.0,0.0,5,1398600000.0
vco_current_min,7,9,0,0.2,0.1999806,-4.402813e-10,13974800.0,6260.990336999411,5,1397480000.0
vco_current_min,7,9,0,0.25,0.2499739,-2.97181e-10,13980400.0,7668.115805072325,5,1398040000.0
vco_current_min,7,9,0,0.3,0.2999599,-2.69197e-10,13980400.0,7668.115805072325,5,1398040000.0
vco_current_min,7,9,0,0.35,0.3499964,2.463144e-11,13969200.0,6260.990336999411,5,1396920000.0
vco_current_min,7,9,0,0.4,0.3999816,-9.875109e-11,13955200.0,6260.990336999411,5,1395520000.0
vco_current_min,7,9,0,0.45,0.4499751,-1.165588e-10,13897220.0,11629.57436882365,5,1389722000.0
vco_current_min,7,9,0,0.5,0.4999712,-4.023983e-11,13721920.0,7503.799037820776,5,1372192000.0
vco_current_min,7,9,0,0.55,0.5499657,1.162142e-10,12812820.0,34905.615594055926,5,1281282000.0
vco_current_min,7,9,0,0.6,0.5999606,-3.451597e-11,10125144.0,38450.22275618179,5,1012514400.0
vco_current_min,7,9,0,0.65,0.649983,5.770304e-11,8533232.0,23351.3697671036,5,853323200.0
vco_current_min,7,9,0,0.7,0.6999676,6.151879e-11,8080394.0,3620.8880126289464,5,808039400.0
vco_current_min,7,9,0,0.75,0.7499712,3.947785e-10,8011048.0,19922.91820994103,5,801104800.0
vco_current_min,7,10,0,0.0,-5.693233e-06,-1.536111e-09,13974800.0,6260.990336999411,5,1397480000.0
vco_current_min,7,10,0,0.05,0.0499912,-1.354215e-09,13969200.0,6260.990336999411,5,1396920000.0
vco_current_min,7,10,0,0.1,0.09998346,-8.886618e-10,13972000.0,0.0,5,1397200000.0
vco_current_min,7,10,0,0.15,0.1499838,-6.425296e-10,13969200.0,6260.990336999411,5,1396920000.0
vco_current_min,7,10,0,0.2,0.1999806,-5.076973e-10,13966400.0,7668.115805072325,5,1396640000.0
vco_current_min,7,10,0,0.25,0.2499733,-3.06721e-10,13972000.0,0.0,5,1397200000.0
vco_current_min,7,10,0,0.3,0.2999595,-2.043258e-10,13963600.0,7668.115805072325,5,1396360000.0
vco_current_min,7,10,0,0.35,0.3499962,-1.171948e-10,13952400.0,7668.115805072325,5,1395240000.0
vco_current_min,7,10,0,0.4,0.3999816,-1.788861e-10,13940760.0,7244.860247099318,5,1394076000.0
vco_current_min,7,10,0,0.45,0.4499747,4.636846e-13,13874980.0,6216.268977449416,5,1387498000.0
vco_current_min,7,10,0,0.5,0.4999714,7.006908e-10,13663500.0,17031.29472471192,5,1366350000.0
vco_current_min,7,10,0,0.55,0.5499661,-9.366309e-11,12451860.0,49596.048229672495,5,1245186000.0
vco_current_min,7,10,0,0.6,0.5999607,1.308421e-10,9028904.0,48932.58045515278,5,902890400.0
vco_current_min,7,10,0,0.65,0.6499826,6.78787e-11,7035256.0,15938.44816787381,5,703525600.0
vco_current_min,7,10,0,0.7,0.6999686,2.02709e-10,6633996.0,22783.94676082263,5,663399600.0
vco_current_min,7,10,0,0.75,0.7499708,2.885681e-10,6557388.0,12571.59775048502,5,655738800.0
vco_current_min,7,11,0,0.0,-5.693189e-06,-2.368637e-09,13972000.0,9899.494936611665,5,1397200000.0
vco_current_min,7,11,0,0.05,0.04999154,-1.382199e-09,13977600.0,7668.115805072325,5,1397760000.0
vco_current_min,7,11,0,0.1,0.09998365,-9.045622e-10,13966400.0,7668.115805072325,5,1396640000.0
vco_current_min,7,11,0,0.15,0.1499847,-6.864138e-10,13969200.0,6260.990336999411,5,1396920000.0
vco_current_min,7,11,0,0.2,0.1999804,-4.848013e-10,13960800.0,6260.990336999411,5,1396080000.0
vco_current_min,7,11,0,0.25,0.2499744,-2.78101e-10,13960800.0,6260.990336999411,5,1396080000.0
vco_current_min,7,11,0,0.3,0.29996,-9.239119e-11,13958000.0,0.0,5,1395800000.0
vco_current_min,7,11,0,0.35,0.3499965,-2.628371e-10,13955200.0,6260.990336999411,5,1395520000.0
vco_current_min,7,11,0,0.4,0.3999814,-2.138657e-10,13934280.0,8873.105431583692,5,1393428000.0
vco_current_min,7,11,0,0.45,0.4499755,-1.458145e-10,13866640.0,7613.343549321809,5,1386664000.0
vco_current_min,7,11,0,0.5,0.4999712,-1.076549e-10,13649820.0,19564.687577367546,5,1364982000.0
vco_current_min,7,11,0,0.55,0.549966,-6.88594e-11,12357400.0,28051.024936711314,5,1235740000.0
vco_current_min,7,11,0,0.6,0.5999602,1.827141e-11,8837038.0,62800.79474019417,5,883703800.0
vco_current_min,7,11,0,0.65,0.6499814,3.735115e-11,6716602.0,15387.848127662295,5,671660200.0
vco_current_min,7,11,0,0.7,0.6999695,1.499218e-10,6257898.0,11567.044566353154,5,625789800.0
vco_current_min,7,11,0,0.75,0.7499716,2.84116e-10,6198100.0,9630.399784017276,5,619810000.0
vco_current_min,7,12,0,0.0,-5.121343e-06,-1.996576e-09,13948220.0,8927.877687334209,5,1394822000.0
vco_current_min,7,12,0,0.05,0.04999004,-1.129706e-09,13954740.0,7289.581606649314,5,1395474000.0
vco_current_min,7,12,0,0.1,0.0999826,-9.904222e-10,13955200.0,6260.990336999411,5,1395520000.0
vco_current_min,7,12,0,0.15,0.1499841,-7.067658e-10,13951480.0,8927.877687334209,5,1395148000.0
vco_current_min,7,12,0,0.2,0.1999806,-3.442451e-10,13952400.0,7668.115805072325,5,1395240000.0
vco_current_min,7,12,0,0.25,0.2499738,-3.391571e-10,13946800.0,6260.990336999411,5,1394680000.0
vco_current_min,7,12,0,0.3,0.2999593,-2.214975e-10,13944000.0,0.0,5,1394400000.0
vco_current_min,7,12,0,0.35,0.3499963,-1.687102e-10,13934280.0,8873.105431583692,5,1393428000.0
vco_current_min,7,12,0,0.4,0.3999827,-1.83338e-10,13908340.0,7613.343549321809,5,1390834000.0
vco_current_min,7,12,0,0.45,0.4499745,-7.267537e-11,13855520.0,6216.268977449416,5,1385552000.0
vco_current_min,7,12,0,0.5,0.4999708,-3.474251e-10,13575520.0,6082.104898799428,5,1357552000.0
vco_current_min,7,12,0,0.55,0.5499657,-5.041562e-11,11870480.0,39877.96383969473,5,1187048000.0
vco_current_min,7,12,0,0.6,0.5999601,-2.116007e-11,7436436.0,77006.53530707637,5,743643600.0
vco_current_min,7,12,0,0.65,0.649982,1.543738e-10,5099082.0,4725.369826796628,5,509908200.0
vco_current_min,7,12,0,0.7,0.6999695,-8.625851e-10,4536412.0,6967.608628503756,5,453641200.0
vco_current_min,7,12,0,0.75,0.7499716,9.967813e-11,4446950.0,12269.498767268367,5,444695000.0
vco_current_min,7,13,0,0.0,-5.693219e-06,-2.023924e-09,13955200.0,6260.990336999411,5,1395520000.0
vco_current_min,7,13,0,0.05,0.0499911,-1.281711e-09,13955200.0,6260.990336999411,5,1395520000.0
vco_current_min,7,13,0,0.1,0.09998274,-8.689461e-10,13954740.0,7289.581606649314,5,1395474000.0
vco_current_min,7,13,0,0.15,0.1499843,-7.016777e-10,13952400.0,7668.115805072325,5,1395240000.0
vco_current_min,7,13,0,0.2,0.1999809,-5.388615e-10,13948220.0,8927.877687334209,5,1394822000.0
vco_current_min,7,13,0,0.25,0.2499736,-7.843579e-10,13944000.0,0.0,5,1394400000.0
vco_current_min,7,13,0,0.3,0.2999597,-2.469372e-10,13940760.0,7244.860247099318,5,1394076000.0
vco_current_min,7,13,0,0.35,0.349996,-1.229188e-10,13931040.0,7244.860247099318,5,1393104000.0
vco_current_min,7,13,0,0.4,0.3999815,-1.305507e-10,13906400.0,8763.560920082658,5,1390640000.0
vco_current_min,7,13,0,0.45,0.4499751,-3.451592e-11,13855520.0,6216.268977449416,5,1385552000.0
vco_current_min,7,13,0,0.5,0.499972,-1.998738e-10,13569040.0,8407.61559539921,5,1356904000.0
vco_current_min,7,13,0,0.55,0.5499664,6.2155e-11,11774800.0,115997.04737621557,5,1177480000.0
vco_current_min,7,13,0,0.6,0.5999607,-1.210108e-10,7090584.0,120182.72059659824,5,709058400.0
vco_current_min,7,13,0,0.65,0.649982,-2.214976e-10,4683606.0,11280.203012357535,5,468360600.0
vco_current_min,7,13,0,0.7,0.6999691,7.459589e-12,4079976.0,6474.004170526923,5,407997600.0
vco_current_min,7,13,0,0.75,0.7499712,2.567684e-10,3987182.0,4520.240037874095,5,398718200.0
vco_current_min,7,14,0,0.0,-4.778165e-06,-1.901177e-09,13940760.0,7244.860247099318,5,1394076000.0
vco_current_min,7,14,0,0.05,0.04999076,-1.424812e-09,13931500.0,12744.01820463232,5,1393150000.0
vco_current_min,7,14,0,0.1,0.09998241,-1.171683e-09,13928260.0,10660.581597642786,5,1392826000.0
vco_current_min,7,14,0,0.15,0.1499839,-1.483584e-10,13927800.0,0.0,5,1392780000.0
vco_current_min,7,14,0,0.2,0.1999808,-3.938532e-10,13922240.0,7613.343549321809,5,1392224000.0
vco_current_min,7,14,0,0.25,0.2499743,-3.703211e-10,13926780.0,7200.138887549323,5,1392678000.0
vco_current_min,7,14,0,0.3,0.2999592,-2.73013e-10,13923560.0,8818.333175833175,5,1392356000.0
vco_current_min,7,14,0,0.35,0.3499965,-2.456653e-10,13902780.0,11629.57436882365,5,1390278000.0
vco_current_min,7,14,0,0.4,0.3999821,7.105894e-11,13877760.0,7613.343549321809,5,1387776000.0
vco_current_min,7,14,0,0.45,0.449975,-1.171949e-10,13817140.0,7468.467044849298,5,1381714000.0
vco_current_min,7,14,0,0.5,0.4999711,6.724277e-11,13481100.0,7394.254526319743,5,1348110000.0
vco_current_min,7,14,0,0.55,0.5499656,-2.068698e-10,11053264.0,101148.86000346222,5,1105326400.0
vco_current_min,7,14,0,0.6,0.5999604,1.766335e-10,5482622.0,72090.76549739225,5,548262200.0
vco_current_min,7,14,0,0.65,0.6499824,-3.38799e-11,2336894.6,21489.6792856478,5,233689460.0
vco_current_min,7,14,0,0.7,0.6999687,-1.352832e-11,1570021.6,5434.58009417471,5,157002160.0
vco_current_min,7,14,0,0.75,0.7499723,3.623431e-10,1434489.6,2721.7733741074035,5,143448960.0
vco_current_min,7,15,0,0.0,-4.206275e-06,-1.844572e-09,13928260.0,10660.581597642786,5,1392826000.0
vco_current_min,7,15,0,0.05,0.04999087,-1.314147e-09,13927800.0,0.0,5,1392780000.0
vco_current_min,7,15,0,0.1,0.09998282,-8.93114e-10,13927800.0,0.0,5,1392780000.0
vco_current_min,7,15,0,0.15,0.1499841,-6.514335e-10,13922240.0,7613.343549321809,5,1392224000.0
vco_current_min,7,15,0,0.2,0.1999803,-3.696851e-10,13916680.0,6216.268977449416,5,1391668000.0
vco_current_min,7,15,0,0.25,0.2499747,1.015867e-10,13922240.0,7613.343549321809,5,1392224000.0
vco_current_min,7,15,0,0.3,0.2999592,-3.932171e-10,13905560.0,7613.343549321809,5,1390556000.0
vco_current_min,7,15,0,0.35,0.3499968,-8.34872e-11,13897220.0,6216.268977449416,5,1389722000.0
vco_current_min,7,15,0,0.4,0.3999822,-2.017818e-10,13872200.0,9828.784258493011,5,1387220000.0
vco_current_min,7,15,0,0.45,0.4499756,8.488776e-10,13813280.0,7423.745685299302,5,1381328000.0
vco_current_min,7,15,0,0.5,0.4999714,1.5183e-10,13452960.0,19902.4621592405,5,1345296000.0
vco_current_min,7,15,0,0.55,0.5499661,-1.318227e-10,10957884.0,33173.50870800374,5,1095788400.0
vco_current_min,7,15,0,0.6,0.5999613,-1.979659e-10,5177642.0,34220.65049060289,5,517764200.0
vco_current_min,7,15,0,0.65,0.6499822,2.497723e-10,1741311.8,39388.89871778595,5,174131180.0
vco_current_min,7,15,0,0.7,0.6999698,6.024689e-11,847815.88,6266.687425745746,5,84781588.0
vco_current_min,7,15,0,0.75,0.7499717,3.833306e-10,688389.82,1076.339296876226,5,68838982.0
vco_current_max,9,15,0,0.0,-5.693189e-06,-2.207093e-09,11155938.0,673.6987457313543,5,1115593800.0
vco_current_max,9,15,0,0.05,0.04999053,-1.094727e-09,11155446.0,550.0727224649482,5,1115544600.0
vco_current_max,9,15,0,0.1,0.09998261,-1.337679e-09,11155692.0,673.6987457313543,5,1115569200.0
vco_current_max,9,15,0,0.15,0.1499855,-5.547614e-10,11155446.0,550.0727224649482,5,1115544600.0
vco_current_max,9,15,0,0.2,0.1999816,-4.345572e-10,11155200.0,0.0,5,1115520000.0
vco_current_max,9,15,0,0.25,0.2499744,-2.561187e-11,11147724.0,6824.623066514369,5,1114772400.0
vco_current_max,9,15,0,0.3,0.29996,-1.210108e-10,11147724.0,6824.623066514369,5,1114772400.0
vco_current_max,9,15,0,0.35,0.3499978,-1.00659e-10,11140240.0,5590.169943749474,5,1114024000.0
vco_current_max,9,15,0,0.4,0.3999813,-3.21349e-10,11127732.0,5608.058487569472,5,1112773200.0
vco_current_max,9,15,0,0.45,0.4499752,-9.076101e-12,11086024.0,6950.599254740558,5,1108602400.0
vco_current_max,9,15,0,0.5,0.4999711,-5.741176e-11,10893080.0,11996.507825196464,5,1089308000.0
vco_current_max,9,15,0,0.55,0.5499666,-3.10537e-10,9409308.0,39776.50965079767,5,940930800.0
vco_current_max,9,15,0,0.6,0.5999609,-9.747915e-11,4624100.0,83802.0280184197,5,462410000.0
vco_current_max,9,15,0,0.65,0.6499827,6.342682e-11,1594223.4,19078.49673847497,5,159422340.0
vco_current_max,9,15,0,0.7,0.6999701,6.151885e-11,769794.14,3798.710132136966,5,76979414.0
vco_current_max,9,15,0,0.75,0.749972,2.478645e-10,627803.46,1018.2148142705619,5,62780346.0
vco_current_max,9,15,1,0.0,-5.006936e-06,-1.939972e-09,11130240.0,0.0,5,1113024000.0
vco_current_max,9,15,1,0.05,0.04999198,-9.46538e-10,11132740.0,5590.169943749474,5,1113274000.0
vco_current_max,9,15,1,0.1,0.09998389,-7.71002e-10,11130240.0,0.0,5,1113024000.0
vco_current_max,9,15,1,0.15,0.1499845,-6.775097e-10,11125224.0,6868.4408711147835,5,1112522400.0
vco_current_max,9,15,1,0.2,0.1999814,-5.115133e-10,11130240.0,0.0,5,1113024000.0
vco_current_max,9,15,1,0.25,0.2499747,1.123984e-10,11127732.0,5608.058487569472,5,1112773200.0
vco_current_max,9,15,1,0.3,0.2999601,-2.176816e-10,11117700.0,0.0,5,1111770000.0
vco_current_max,9,15,1,0.35,0.3499967,3.114639e-10,11108716.0,5022.208677464528,5,1110871600.0
vco_current_max,9,15,1,0.4,0.3999823,-8.921126e-11,11093996.0,5459.045704150131,5,1109399600.0
vco_current_max,9,15,1,0.45,0.4499759,-2.052405e-11,11046264.0,7032.757638366333,5,1104626400.0
vco_current_max,9,15,1,0.5,0.4999717,-9.789738e-10,10792908.0,13305.136977874374,5,1079290800.0
vco_current_max,9,15,1,0.55,0.5499668,7.360282e-11,8817860.0,42734.95232242573,5,881786000.0
vco_current_max,9,15,1,0.6,0.5999621,6.787876e-11,3939010.0,20913.942717718244,5,393901000.0
vco_current_max,9,15,1,0.65,0.6499819,3.254556e-10,1419500.2,26978.027794855578,5,141950020.0
vco_current_max,9,15,1,0.7,0.6999702,1.416539e-10,749989.82,4831.125024981269,5,74998982.0
vco_current_max,9,15,1,0.75,0.749971,2.236968e-10,626915.5,1406.974669281568,5,62691550.0
vco_current_max,9,15,2,0.0,-5.006965e-06,-1.98322e-09,11104294.0,1216.4209797598855,5,1110429400.0
vco_current_max,9,15,2,0.05,0.04999238,-1.348492e-09,11104294.0,1216.4209797598855,5,1110429400.0
vco_current_max,9,15,2,0.1,0.09998307,-1.066742e-09,11099816.0,7399.731751894794,5,1109981600.0
vco_current_max,9,15,2,0.15,0.1499843,-6.991338e-10,11101220.0,5657.251983074468,5,1110122000.0
vco_current_max,9,15,2,0.2,0.1999813,-4.472772e-10,11101220.0,5657.251983074468,5,1110122000.0
vco_current_max,9,15,2,0.25,0.2499744,-1.477224e-10,11098690.0,6928.6903524403515,5,1109869000.0
vco_current_max,9,15,2,0.3,0.2999597,-1.140148e-10,11088562.0,5675.140526894466,5,1108856200.0
vco_current_max,9,15,2,0.35,0.3499968,-2.76829e-10,11073902.0,6172.833223083222,5,1107390200.0
vco_current_max,9,15,2,0.4,0.3999828,-1.063829e-10,11064200.0,0.0,5,1106420000.0
vco_current_max,9,15,2,0.45,0.4499757,-2.306796e-11,11006228.0,5633.535302099384,5,1100622800.0
vco_current_max,9,15,2,0.5,0.4999717,4.625533e-11,10724400.0,10881.442919025032,5,1072440000.0
vco_current_max,9,15,2,0.55,0.549966,-9.557113e-11,8542624.0,186611.7877573654,5,854262400.0
vco_current_max,9,15,2,0.6,0.5999615,2.173371e-10,3914326.0,72050.85689983153,5,391432600.0
vco_current_max,9,15,2,0.65,0.6499813,-3.896802e-11,1402319.2,12224.207508055482,5,140231920.0
vco_current_max,9,15,2,0.7,0.6999696,2.065252e-10,751294.3,3010.150342590862,5,75129430.0
vco_current_max,9,15,2,0.75,0.7499724,2.06525e-10,626259.54,1418.5838477157467,5,62625954.0
vco_current_max,9,15,3,0.0,-4.778209e-06,-1.885276e-09,11065964.0,1610.3043190651883,5,1106596400.0
vco_current_max,9,15,3,0.05,0.04999109,-1.289979e-09,11065964.0,1610.3043190651883,5,1106596400.0
vco_current_max,9,15,3,0.1,0.09998388,-8.778501e-10,11065964.0,1610.3043190651883,5,1106596400.0
vco_current_max,9,15,3,0.15,0.1499849,-6.151816e-10,11064788.0,1314.8079707698764,5,1106478800.0
vco_current_max,9,15,3,0.2,0.1999806,-5.007013e-10,11064788.0,1314.8079707698764,5,1106478800.0
vco_current_max,9,15,3,0.25,0.2499751,-3.620531e-10,11059080.0,7010.848736066127,5,1105908000.0
vco_current_max,9,15,3,0.3,0.2999594,-2.208616e-10,11059080.0,7010.848736066127,5,1105908000.0
vco_current_max,9,15,3,0.35,0.3499972,-1.375465e-10,11041128.0,5742.22256621946,5,1104112800.0
vco_current_max,9,15,3,0.4,0.3999822,1.000361e-11,11018910.0,7093.007119691902,5,1101891000.0
vco_current_max,9,15,3,0.45,0.4499749,-4.624245e-12,10942190.0,0.0,5,1094219000.0
vco_current_max,9,15,3,0.5,0.4999714,4.91554e-12,10546974.0,23163.586294008965,5,1054697400.0
vco_current_max,9,15,3,0.55,0.5499665,-7.290255e-10,7848766.0,201310.40604002567,5,784876600.0
vco_current_max,9,15,3,0.6,0.5999619,-1.413625e-10,3372429.6,98147.85329440476,5,337242960.0
vco_current_max,9,15,3,0.65,0.6499833,-4.135691e-10,1248811.2,14300.55674440684,5,124881120.0
vco_current_max,9,15,3,0.7,0.6999705,1.149422e-10,732244.84,3301.6638158661567,5,73224484.0
vco_current_max,9,15,3,0.75,0.7499712,1.982572e-10,626325.16,819.7482558688348,5,62632516.0
vco_current_max,9,15,4,0.0,-5.006921e-06,-1.906264e-09,11043696.0,7032.757638366333,5,1104369600.0
vco_current_max,9,15,4,0.05,0.04999143,-1.303335e-09,11046264.0,7032.757638366333,5,1104626400.0
vco_current_max,9,15,4,0.1,0.09998362,-9.618021e-10,11048832.0,5742.22256621946,5,1104883200.0
vco_current_max,9,15,4,0.15,0.1499837,-7.913539e-10,11046264.0,7032.757638366333,5,1104626400.0
vco_current_max,9,15,4,0.2,0.1999813,-4.053012e-10,11041128.0,5742.22256621946,5,1104112800.0
vco_current_max,9,15,4,0.25,0.2499745,-4.625412e-10,11037936.0,854.4471897080591,5,1103793600.0
vco_current_max,9,15,4,0.3,0.2999603,-1.553543e-10,11037000.0,0.0,5,1103700000.0
vco_current_max,9,15,4,0.35,0.3499969,-2.329454e-10,11024094.0,5.477225575051661,5,1102409400.0
vco_current_max,9,15,4,0.4,0.399982,2.526745e-11,11007840.0,0.0,5,1100784000.0
vco_current_max,9,15,4,0.45,0.4499752,-5.868352e-11,10938070.0,6194.489486632454,5,1093807000.0
vco_current_max,9,15,4,0.5,0.4999714,-3.006398e-11,10620492.0,15288.161105901521,5,1062049200.0
vco_current_max,9,15,4,0.55,0.5499665,7.678275e-11,8333164.0,25678.996865142533,5,833316400.0
vco_current_max,9,15,4,0.6,0.5999614,6.823625e-12,3837362.0,32187.790697716424,5,383736200.0
vco_current_max,9,15,4,0.65,0.6499829,6.406292e-11,1400002.0,22705.689683425167,5,140000200.0
vco_current_max,9,15,4,0.7,0.6999695,1.509143e-11,752892.24,3387.987141799674,5,75289224.0
vco_current_max,9,15,4,0.75,0.749972,2.249688e-10,625813.0,1432.4855461748982,5,62581300.0
vco_current_max,9,15,5,0.0,-4.435075e-06,-1.9864e-09,11005568.0,5080.346444879522,5,1100556800.0
vco_current_max,9,15,5,0.05,0.04999179,-1.300791e-09,11005568.0,5080.346444879522,5,1100556800.0
vco_current_max,9,15,5,0.1,0.0999841,-8.574981e-10,11003296.0,6222.128253258687,5,1100329600.0
vco_current_max,9,15,5,0.15,0.1499844,-6.069136e-10,10998752.0,5080.346444879522,5,1099875200.0
vco_current_max,9,15,5,0.2,0.1999818,-3.671412e-10,10993868.0,5840.609557229451,5,1099386800.0
vco_current_max,9,15,5,0.25,0.2499747,-3.480611e-10,10988644.0,7153.25660101747,5,1098864400.0
vco_current_max,9,15,5,0.3,0.2999608,-2.73649e-10,10983420.0,0.0,5,1098342000.0
vco_current_max,9,15,5,0.35,0.3499978,-7.839926e-11,10969970.0,782.6237921249264,5,1096997000.0
vco_current_max,9,15,5,0.4,0.3999816,-3.334331e-10,10941092.0,1002.332280234454,5,1094109200.0
vco_current_max,9,15,5,0.45,0.4499756,-3.069983e-11,10854344.0,925.7321426849129,5,1085434400.0
vco_current_max,9,15,5,0.5,0.4999713,-1.225611e-11,10381928.0,45462.929074136875,5,1038192800.0
vco_current_max,9,15,5,0.55,0.549966,2.017944e-11,7347102.0,74875.2383635605,5,734710200.0
vco_current_max,9,15,5,0.6,0.5999614,3.438994e-10,3257697.8,18770.5567099114,5,325769780.0
vco_current_max,9,15,5,0.65,0.6499822,3.289935e-11,1235324.4,22844.60340649406,5,123532439.99999999
vco_current_max,9,15,5,0.7,0.6999701,1.251181e-10,725769.4,2873.0038592038227,5,72576940.0
vco_current_max,9,15,5,0.75,0.7499716,2.345086e-10,624953.96,858.856648690542,5,62495396.0
vco_current_max,9,15,6,0.0,-4.435162e-06,-2.013111e-09,10940726.0,818.400879764923,5,1094072600.0
vco_current_max,9,15,6,0.05,0.04999165,-1.499223e-09,10938070.0,6194.489486632454,5,1093807000.0
vco_current_max,9,15,6,0.1,0.09998374,-8.988381e-10,10940360.0,0.0,5,1094036000.0
vco_current_max,9,15,6,0.15,0.1499846,-6.616098e-10,10937704.0,5938.996548239442,5,1093770400.0
vco_current_max,9,15,6,0.2,0.1999806,-3.544211e-10,10935048.0,7273.755563668606,5,1093504800.0
vco_current_max,9,15,6,0.25,0.2499742,-2.094137e-10,10927080.0,0.0,5,1092708000.0
vco_current_max,9,15,6,0.3,0.2999601,-1.184668e-10,10913760.0,0.0,5,1091376000.0
vco_current_max,9,15,6,0.35,0.3499974,3.643807e-12,10904912.0,2598.3109898547555,5,1090491200.0
vco_current_max,9,15,6,0.4,0.3999818,-1.101989e-10,10869540.0,0.0,5,1086954000.0
vco_current_max,9,15,6,0.45,0.4499754,-2.361254e-10,10754580.0,6064.816567712498,5,1075458000.0
vco_current_max,9,15,6,0.5,0.499972,-1.744342e-10,10166152.0,16589.44604258985,5,1016615200.0
vco_current_max,9,15,6,0.55,0.549966,-6.567952e-11,7042702.0,33725.39428976332,5,704270200.0
vco_current_max,9,15,6,0.6,0.5999604,1.467418e-10,3165684.2,77380.22233878629,5,316568420.0
vco_current_max,9,15,6,0.65,0.6499811,-2.879202e-11,1221461.6,21549.680944273863,5,122146160.00000001
vco_current_max,9,15,6,0.7,0.6999703,1.40382e-10,728036.36,4532.912179052223,5,72803636.0
vco_current_max,9,15,6,0.75,0.7499721,5.124371e-10,625760.52,485.19754430544754,5,62576052.0
vco_current_max,9,15,7,0.0,-5.693233e-06,-1.892908e-09,10858708.0,6055.272083069431,5,1085870800.0
vco_current_max,9,15,7,0.05,0.04999213,-1.396191e-09,10855586.0,925.7321426849129,5,1085558600.0
vco_current_max,9,15,7,0.1,0.09998436,-1.111263e-09,10855586.0,925.7321426849129,5,1085558600.0
vco_current_max,9,15,7,0.15,0.1499844,-5.738416e-10,10854344.0,925.7321426849129,5,1085434400.0
vco_current_max,9,15,7,0.2,0.1999809,-3.830411e-10,10848486.0,7454.504007645311,5,1084848600.0
vco_current_max,9,15,7,0.25,0.2499746,-2.367613e-10,10840320.0,0.0,5,1084032000.0
vco_current_max,9,15,7,0.3,0.2999602,-3.327971e-10,10835824.0,527.7120426899504,5,1083582400.0
vco_current_max,9,15,7,0.35,0.3499966,-6.37714e-11,10810800.0,0.0,5,1081080000.0
vco_current_max,9,15,7,0.4,0.3999816,9.077461e-11,10760160.0,6353.581667059927,5,1076016000.0
vco_current_max,9,15,7,0.45,0.4499746,-1.356386e-10,10592932.0,5239.190777209778,5,1059293200.0
vco_current_max,9,15,7,0.5,0.4999713,4.279688e-12,9546344.0,17242.81386549191,5,954634400.0
vco_current_max,9,15,7,0.55,0.5499659,-8.730332e-11,5838158.0,74498.42964787915,5,583815800.0
vco_current_max,9,15,7,0.6,0.5999615,6.279083e-11,2516186.6,21962.748992327895,5,251618660.0
vco_current_max,9,15,7,0.65,0.649982,6.597081e-11,1063447.2,7716.674005036108,5,106344720.0
vco_current_max,9,15,7,0.7,0.6999691,2.313287e-10,705616.1799999999,1820.3704463652143,5,70561618.0
vco_current_max,9,15,7,0.75,0.7499713,7.551057e-11,622278.14,1155.4006872077075,5,62227814.0
vco_current_max,9,15,8,0.0,-5.121314e-06,-1.997213e-09,10913760.0,0.0,5,1091376000.0
vco_current_max,9,15,8,0.05,0.049992,-1.896979e-10,10912996.0,1046.1500848348674,5,1091299600.0
vco_current_max,9,15,8,0.1,0.09998403,-1.020951e-09,10912996.0,1046.1500848348674,5,1091299600.0
vco_current_max,9,15,8,0.15,0.149986,-5.235975e-10,10912614.0,1046.1500848348674,5,1091261400.0
vco_current_max,9,15,8,0.2,0.1999811,-4.440973e-10,10912996.0,1046.1500848348674,5,1091299600.0
vco_current_max,9,15,8,0.25,0.2499738,-5.153294e-10,10911850.0,0.0,5,1091185000.0
vco_current_max,9,15,8,0.3,0.2999602,-2.66017e-10,10903854.0,3927.0255919716133,5,1090385400.0
vco_current_max,9,15,8,0.35,0.3499976,-2.73649e-10,10890402.0,7355.913947294381,5,1089040200.0
vco_current_max,9,15,8,0.4,0.3999825,-1.540824e-10,10877640.0,7394.254526319743,5,1087764000.0
vco_current_max,9,15,8,0.45,0.4499756,8.418818e-10,10801560.0,5165.317028024514,5,1080156000.0
vco_current_max,9,15,8,0.5,0.4999707,-2.434003e-11,10455096.0,16139.977695151874,5,1045509600.0
vco_current_max,9,15,8,0.55,0.5499657,5.770298e-11,8076250.0,78284.57766380298,5,807625000.0
vco_current_max,9,15,8,0.6,0.5999617,-5.995555e-11,3792046.0,87224.25196010568,5,379204600.0
vco_current_max,9,15,8,0.65,0.6499829,-1.82702e-10,1391346.4,21454.30008879339,5,139134640.0
vco_current_max,9,15,8,0.7,0.6999698,1.954337e-11,749109.98,3151.9243601330363,5,74910998.0
vco_current_max,9,15,8,0.75,0.7499716,3.356314e-10,626441.28,729.3795253501601,5,62644128.0
vco_current_max,9,15,9,0.0,-3.634428e-06,-1.696384e-09,10824520.0,0.0,5,1082452000.0
vco_current_max,9,15,9,0.05,0.04999213,-1.190763e-09,10821776.0,6135.770530259423,5,1082177600.0
vco_current_max,9,15,9,0.1,0.09998275,-8.161581e-10,10816288.0,7514.7534889708795,5,1081628800.0
vco_current_max,9,15,9,0.15,0.1499844,-6.024616e-10,10816288.0,7514.7534889708795,5,1081628800.0
vco_current_max,9,15,9,0.2,0.1999811,-4.269253e-10,10810800.0,0.0,5,1081080000.0
vco_current_max,9,15,9,0.25,0.2499748,-3.976692e-10,10808490.0,5165.317028024514,5,1080849000.0
vco_current_max,9,15,9,0.3,0.299959,-1.629862e-10,10801560.0,5165.317028024514,5,1080156000.0
vco_current_max,9,15,9,0.35,0.3499971,-1.674382e-10,10792932.0,6952.483009687978,5,1079293200.0
vco_current_max,9,15,9,0.4,0.3999824,2.90834e-11,10767580.0,6216.268977449416,5,1076758000.0
vco_current_max,9,15,9,0.45,0.449975,-8.094335e-11,10668846.0,1418.6014239383803,5,1066884600.0
vco_current_max,9,15,9,0.5,0.4999712,-6.504344e-11,10126672.0,28899.012439874135,5,1012667200.0
vco_current_max,9,15,9,0.55,0.549967,1.44834e-10,7156336.0,109671.4077597256,5,715633600.0
vco_current_max,9,15,9,0.6,0.5999612,8.059878e-11,3238874.8,45844.044255497356,5,323887480.0
vco_current_max,9,15,9,0.65,0.6499812,2.653933e-11,1240640.2,7753.239400405485,5,124064020.0
vco_current_max,9,15,9,0.7,0.6999692,2.844713e-11,731252.92,4462.658046164873,5,73125292.0
vco_current_max,9,15,9,0.75,0.7499713,2.281487e-10,623891.22,1389.589841284088,5,62389122.0
vco_current_max,9,15,10,0.0,-5.235648e-06,-1.937429e-09,10669364.0,1418.6014239383803,5,1066936400.0
vco_current_max,9,15,10,0.05,0.04999064,-1.196487e-09,10668328.0,1158.2832123448911,5,1066832800.0
vco_current_max,9,15,10,0.1,0.09998338,-7.989858e-10,10669882.0,1158.2832123448911,5,1066988200.0
vco_current_max,9,15,10,0.15,0.1499845,-6.094577e-10,10668328.0,1158.2832123448911,5,1066832800.0
vco_current_max,9,15,10,0.2,0.1999819,-5.210534e-10,10668328.0,1158.2832123448911,5,1066832800.0
vco_current_max,9,15,10,0.25,0.2499744,-3.849491e-10,10662078.0,7848.86424904903,5,1066207800.0
vco_current_max,9,15,10,0.3,0.2999592,-2.049617e-10,10653480.0,0.0,5,1065348000.0
vco_current_max,9,15,10,0.35,0.3499973,-1.960578e-10,10635902.0,1203.0045718948868,5,1063590200.0
vco_current_max,9,15,10,0.4,0.3999826,-1.734399e-11,10602000.0,0.0,5,1060200000.0
vco_current_max,9,15,10,0.45,0.4499753,3.544343e-11,10475296.0,9972.98751628618,5,1047529600.0
vco_current_max,9,15,10,0.5,0.4999712,-4.08758e-11,9767446.0,41593.380242533785,5,976744600.0
vco_current_max,9,15,10,0.55,0.5499659,3.099121e-11,6770666.0,70051.16330226073,5,677066600.0
vco_current_max,9,15,10,0.6,0.5999613,-1.722511e-13,3121286.8,68614.07312789411,5,312128680.0
vco_current_max,9,15,10,0.65,0.6499825,-1.734418e-11,1235970.8,13025.47095885596,5,123597080.0
vco_current_max,9,15,10,0.7,0.6999704,4.943509e-11,728944.98,1969.5671509242852,5,72894498.0
vco_current_max,9,15,10,0.75,0.7499712,2.275126e-10,625024.02,810.2348375625286,5,62502402.0
vco_current_max,9,15,11,0.0,-4.663743e-06,-1.838213e-09,10441080.0,0.0,5,1044108000.0
vco_current_max,9,15,11,0.05,0.04999178,-1.287435e-09,10442364.0,2871.11128310973,5,1044236400.0
vco_current_max,9,15,11,0.1,0.09998282,-1.00187e-09,10441716.0,3524.610616791591,5,1044171600.0
vco_current_max,9,15,11,0.15,0.1499839,-6.794179e-10,10439784.0,1774.6210863167382,5,1043978400.0
vco_current_max,9,15,11,0.2,0.1999813,-3.932172e-10,10438488.0,1448.9720494198637,5,1043848800.0
vco_current_max,9,15,11,0.25,0.2499746,-3.499691e-10,10428696.0,8347.291776378732,5,1042869600.0
vco_current_max,9,15,11,0.3,0.2999592,-2.615651e-10,10413186.0,8385.632355404094,5,1041318600.0
vco_current_max,9,15,11,0.35,0.3499973,-1.01931e-10,10396616.0,3691.6500375848195,5,1039661600.0
vco_current_max,9,15,11,0.4,0.3999821,-2.716161e-12,10337648.0,3877.8757071365762,5,1033764800.0
vco_current_max,9,15,11,0.45,0.449975,4.180323e-11,10099522.0,13018.645090791899,5,1009952200.0
vco_current_max,9,15,11,0.5,0.4999706,-8.34872e-11,8679124.0,31251.430047279435,5,867912400.0
vco_current_max,9,15,11,0.55,0.549967,-8.221521e-11,5539356.0,96877.9793348313,5,553935600.0
vco_current_max,9,15,11,0.6,0.5999626,3.643752e-12,2497212.6,63626.996140003335,5,249721260.0
vco_current_max,9,15,11,0.65,0.6499822,1.251179e-10,1066052.0,14802.345354706464,5,106605200.0
vco_current_max,9,15,11,0.7,0.6999701,1.263903e-10,709070.14,2116.062080374777,5,70907014.0
vco_current_max,9,15,11,0.75,0.7499721,1.740894e-10,623504.48,307.76047017118816,5,62350448.0
vco_current_max,9,15,12,0.0,-5.464448e-06,-1.704652e-09,10079796.0,5536.5043122894795,5,1007979600.0
vco_current_max,9,15,12,0.05,0.04999178,-1.209843e-09,10078228.0,2030.3497235698092,5,1007822800.0
vco_current_max,9,15,12,0.1,0.0999833,-6.279016e-10,10073912.0,4666.596189944015,5,1007391200.0
vco_current_max,9,15,12,0.15,0.149985,-6.597016e-10,10076436.0,8668.014766946351,5,1007643600.0
vco_current_max,9,15,12,0.2,0.1999808,-3.868572e-10,10074820.0,5799.620677251229,5,1007482000.0
vco_current_max,9,15,12,0.25,0.2499749,-2.564771e-10,10069646.0,4674.824060860473,5,1006964600.0
vco_current_max,9,15,12,0.3,0.2999595,-1.884259e-10,10067942.0,1918.5463246948195,5,1006794200.0
vco_current_max,9,15,12,0.35,0.3499976,-1.623502e-10,10056728.0,4754.231799144842,5,1005672800.0
vco_current_max,9,15,12,0.4,0.3999824,-1.076549e-10,10017668.0,9521.177448194105,5,1001766800.0
vco_current_max,9,15,12,0.45,0.4499752,-3.83317e-11,9834856.0,8462.120301673807,5,983485600.0
vco_current_max,9,15,12,0.5,0.4999714,-1.203749e-10,8893214.0,19129.14608653507,5,889321400.0
vco_current_max,9,15,12,0.55,0.549966,-1.324587e-10,6335866.0,77645.99332869663,5,633586600.0
vco_current_max,9,15,12,0.6,0.5999617,1.063968e-11,3085109.4,75268.54448439933,5,308510940.0
vco_current_max,9,15,12,0.65,0.6499826,8.187057e-11,1239829.0,4637.237216274362,5,123982900.0
vco_current_max,9,15,12,0.7,0.6999701,1.32114e-10,728223.48,2713.7231236808416,5,72822348.0
vco_current_max,9,15,12,0.75,0.7499731,6.342699e-11,624193.9,999.5783310976876,5,62419390.0
vco_current_max,9,15,13,0.0,-4.663772e-06,-1.681756e-09,9107544.0,19705.437828173217,5,910754400.0
vco_current_max,9,15,13,0.05,0.04999246,-1.234011e-09,9111904.0,5897.26038088874,5,911190400.0
vco_current_max,9,15,13,0.1,0.09998335,-9.312746e-10,9109084.0,5899.6508371258715,5,910908400.0
vco_current_max,9,15,13,0.15,0.1499849,-4.434613e-10,9109034.0,12675.073175331177,5,910903400.0
vco_current_max,9,15,13,0.2,0.1999807,-3.970332e-10,9102004.0,11615.381181863986,5,910200400.0
vco_current_max,9,15,13,0.25,0.2499758,-1.006589e-10,9107376.0,10660.801095602525,5,910737600.0
vco_current_max,9,15,13,0.3,0.2999599,-1.737981e-10,9090800.0,3443.544685349676,5,909080000.0
vco_current_max,9,15,13,0.35,0.3499968,-2.246775e-10,9072136.0,3921.6935117369894,5,907213600.0
vco_current_max,9,15,13,0.4,0.3999817,-7.804229e-12,8977708.0,7906.068555230217,5,897770800.0
vco_current_max,9,15,13,0.45,0.4499752,-4.023969e-11,8574634.0,18942.676157290975,5,857463400.0
vco_current_max,9,15,13,0.5,0.4999696,-6.567946e-11,7402138.0,17052.47548011725,5,740213800.0
vco_current_max,9,15,13,0.55,0.549966,-7.804146e-12,5010722.0,55140.67119649524,5,501072200.0
vco_current_max,9,15,13,0.6,0.5999615,-3.133582e-11,2392769.0,64843.08958940806,5,239276900.0
vco_current_max,9,15,13,0.65,0.6499817,-2.752004e-11,1068114.0,13783.324852879294,5,106811400.0
vco_current_max,9,15,13,0.7,0.6999695,6.024692e-11,704332.62,1943.5448314870514,5,70433262.0
vco_current_max,9,15,13,0.75,0.7499713,3.101918e-10,621970.88,674.8225633453258,5,62197088.0
vco_current_max,9,15,14,0.0,-4.778165e-06,-1.56664e-09,6832996.0,18849.46763173963,5,683299600.0
vco_current_max,9,15,14,0.05,0.04999097,-1.159599e-09,6834600.0,11413.233547071575,5,683460000.0
vco_current_max,9,15,14,0.1,0.09998255,-8.403264e-10,6847256.0,10560.136362755928,5,684725600.0
vco_current_max,9,15,14,0.15,0.1499846,-4.854375e-10,6830942.0,16419.843787320267,5,683094200.0
vco_current_max,9,15,14,0.2,0.1999803,-4.173853e-10,6828050.0,5958.875732887875,5,682805000.0
vco_current_max,9,15,14,0.25,0.2499749,-3.353411e-10,6829512.0,12145.06772315412,5,682951200.0
vco_current_max,9,15,14,0.3,0.2999602,-2.342174e-10,6824572.0,13388.454727861614,5,682457200.0
vco_current_max,9,15,14,0.35,0.3499967,-5.550345e-11,6792522.0,3684.9179095334,5,679252200.0
vco_current_max,9,15,14,0.4,0.3999822,-4.469165e-11,6714130.0,14900.656025826514,5,671413000.0
vco_current_max,9,15,14,0.45,0.4499754,-1.343666e-10,6512044.0,10972.241338942558,5,651204400.0
vco_current_max,9,15,14,0.5,0.4999717,-9.620711e-11,5906250.0,26063.092679112353,5,590625000.0
vco_current_max,9,15,14,0.55,0.5499663,-3.069997e-11,4397044.0,40807.81579550663,5,439704400.0
vco_current_max,9,15,14,0.6,0.5999605,3.035522e-11,2306658.4,31442.268521848102,5,230665840.0
vco_current_max,9,15,14,0.65,0.6499822,1.827144e-11,1048910.0,7506.01645348583,5,104891000.0
vco_current_max,9,15,14,0.7,0.6999692,1.791774e-10,706424.26,2560.7416753745433,5,70642426.0
vco_current_max,9,15,14,0.75,0.7499725,3.66159e-10,622483.42,693.0579211004284,5,62248342.00000001
vco_current_max,9,15,15,0.0,-4.892616e-06,-1.761892e-09,3551968.0,4595.2225190952395,5,355196800.0
vco_current_max,9,15,15,0.05,0.04999189,-1.176135e-09,3549342.0,1942.7737902288059,5,354934200.0
vco_current_max,9,15,15,0.1,0.09998364,-9.242782e-10,3552782.0,3469.9659940696824,5,355278200.0
vco_current_max,9,15,15,0.15,0.1499839,-5.375895e-10,3552271.0,4391.741454138665,5,355227100.0
vco_current_max,9,15,15,0.2,0.1999812,-8.174293e-10,3544072.0,4702.623735745823,5,354407200.0
vco_current_max,9,15,15,0.25,0.2499739,2.548609e-10,3532229.0,3186.418365500676,5,353222900.0
vco_current_max,9,15,15,0.3,0.2999596,-2.405773e-10,3505653.0,2991.8134968610593,5,350565300.0
vco_current_max,9,15,15,0.35,0.3499959,-9.414498e-10,3475964.6,5305.701160073002,5,347596460.0
vco_current_max,9,15,15,0.4,0.3999816,-4.091172e-10,3438390.0,3777.650526451593,5,343839000.0
vco_current_max,9,15,15,0.45,0.4499756,-7.967121e-11,3350697.4,2753.5992446251144,5,335069740.0
vco_current_max,9,15,15,0.5,0.4999709,-5.613954e-11,3117409.6,4360.527066766127,5,311740960.0
vco_current_max,9,15,15,0.55,0.5499668,-7.585538e-11,2484421.6,12057.055975651769,5,248442160.0
vco_current_max,9,15,15,0.6,0.5999615,8.950252e-11,1511128.0,22520.3431923228,5,151112800.0
vco_current_max,9,15,15,0.65,0.6499826,4.915623e-12,875704.6,7999.014626502451,5,87570460.0
vco_current_max,9,15,15,0.7,0.6999691,2.376887e-10,683004.7,1085.1542517080397,5,68300470.0
vco_current_max,9,15,15,0.75,0.7499722,2.764843e-10,618937.42,684.0729361698534,5,61893742.00000001
vco_current_min,9,0,0,0.0,-5.235692e-06,-1.861744e-09,11260800.0,0.0,5,1126080000.0
vco_current_min,9,0,0,0.05,0.04999156,-1.446435e-09,11260800.0,0.0,5,1126080000.0
vco_current_min,9,0,0,0.1,0.09998304,-9.319101e-10,11260800.0,0.0,5,1126080000.0
vco_current_min,9,0,0,0.15,0.1499857,-1.333227e-09,11258920.0,4203.807797699605,5,1125892000.0
vco_current_min,9,0,0,0.2,0.1999809,-4.065732e-10,11258920.0,4203.807797699605,5,1125892000.0
vco_current_min,9,0,0,0.25,0.2499738,-1.78886e-10,11260800.0,0.0,5,1126080000.0
vco_current_min,9,0,0,0.3,0.2999609,-5.922855e-10,11258920.0,4203.807797699605,5,1125892000.0
vco_current_min,9,0,0,0.35,0.3499971,-2.94001e-10,11251400.0,0.0,5,1125140000.0
vco_current_min,9,0,0,0.4,0.399983,-1.896979e-10,11251400.0,0.0,5,1125140000.0
vco_current_min,9,0,0,0.45,0.4499748,-3.10537e-10,11241300.0,0.0,5,1124130000.0
vco_current_min,9,0,0,0.5,0.4999718,1.938053e-10,11198000.0,4472.13595499958,5,1119800000.0
vco_current_min,9,0,0,0.55,0.5499663,-3.642392e-11,11103750.0,0.0,5,1110375000.0
vco_current_min,9,0,0,0.6,0.5999613,-1.114709e-10,10983420.0,0.0,5,1098342000.0
vco_current_min,9,0,0,0.65,0.6499824,-2.119577e-10,10927080.0,0.0,5,1092708000.0
vco_current_min,9,0,0,0.7,0.6999701,2.720324e-10,10912614.0,1046.1500848348674,5,1091261400.0
vco_current_min,9,0,0,0.75,0.749972,3.737909e-10,10911850.0,0.0,5,1091185000.0
vco_current_min,9,1,0,0.0,-5.350055e-06,-2.138405e-09,11260800.0,0.0,5,1126080000.0
vco_current_min,9,1,0,0.05,0.04999076,-1.227015e-09,11258920.0,4203.807797699605,5,1125892000.0
vco_current_min,9,1,0,0.1,0.09998403,-1.133523e-09,11260800.0,0.0,5,1126080000.0
vco_current_min,9,1,0,0.15,0.149984,-4.867094e-10,11258920.0,4203.807797699605,5,1125892000.0
vco_current_min,9,1,0,0.2,0.1999814,-3.213491e-10,11257040.0,5148.592040548561,5,1125704000.0
vco_current_min,9,1,0,0.25,0.2499752,-2.176816e-10,11253280.0,4203.807797699605,5,1125328000.0
vco_current_min,9,1,0,0.3,0.2999599,-2.78101e-10,11258920.0,4203.807797699605,5,1125892000.0
vco_current_min,9,1,0,0.35,0.3499965,-1.350026e-10,11251400.0,0.0,5,1125140000.0
vco_current_min,9,1,0,0.4,0.3999824,-1.648942e-10,11247360.0,5531.997830802177,5,1124736000.0
vco_current_min,9,1,0,0.45,0.449975,8.731543e-12,11233220.0,4516.857314549575,5,1123322000.0
vco_current_min,9,1,0,0.5,0.4999723,1.696377e-10,11194000.0,5477.2255750516615,5,1119400000.0
vco_current_min,9,1,0,0.55,0.5499668,-2.240415e-10,11104294.0,1216.4209797598855,5,1110429400.0
vco_current_min,9,1,0,0.6,0.5999618,1.384738e-10,10975560.0,7175.165503317676,5,1097556000.0
vco_current_min,9,1,0,0.65,0.6499831,-2.291295e-10,10913760.0,0.0,5,1091376000.0
vco_current_min,9,1,0,0.7,0.6999713,3.737911e-10,10901138.0,5988.1900437444365,5,1090113800.0
vco_current_min,9,1,0,0.75,0.7499725,7.191345e-10,10900576.0,2897.4523292023287,5,1090057600.0
vco_current_min,9,2,0,0.0,-5.121328e-06,-2.289773e-09,11258920.0,4203.807797699605,5,1125892000.0
vco_current_min,9,2,0,0.05,0.04999223,-1.136067e-09,11253280.0,4203.807797699605,5,1125328000.0
vco_current_min,9,2,0,0.1,0.09998284,-1.156419e-09,11253280.0,4203.807797699605,5,1125328000.0
vco_current_min,9,2,0,0.15,0.1499847,-8.301499e-10,11251400.0,0.0,5,1125140000.0
vco_current_min,9,2,0,0.2,0.1999814,-2.246775e-10,11251400.0,0.0,5,1125140000.0
vco_current_min,9,2,0,0.25,0.2499748,-2.380333e-10,11253280.0,4203.807797699605,5,1125328000.0
vco_current_min,9,2,0,0.3,0.2999596,-4.065732e-10,11251400.0,0.0,5,1125140000.0
vco_current_min,9,2,0,0.35,0.3499977,-1.858819e-10,11245340.0,5531.997830802177,5,1124534000.0
vco_current_min,9,2,0,0.4,0.3999835,-1.947859e-10,11241300.0,0.0,5,1124130000.0
vco_current_min,9,2,0,0.45,0.4499746,-2.380334e-10,11229180.0,4516.857314549575,5,1122918000.0
vco_current_min,9,2,0,0.5,0.4999713,-1.636223e-10,11186000.0,5477.2255750516615,5,1118600000.0
vco_current_min,9,2,0,0.55,0.549966,2.459566e-10,11076156.0,5040.097221284526,5,1107615600.0
vco_current_min,9,2,0,0.6,0.5999613,-7.328415e-10,10941092.0,1002.332280234454,5,1094109200.0
vco_current_min,9,2,0,0.65,0.6499823,-9.557118e-11,10864124.0,7416.16342861995,5,1086412400.0
vco_current_min,9,2,0,0.7,0.6999689,-4.151197e-11,10853930.0,0.0,5,1085393000.0
vco_current_min,9,2,0,0.75,0.7499714,4.094063e-10,10840320.0,0.0,5,1084032000.0
vco_current_min,9,3,0,0.0,-3.405614e-06,-2.250341e-09,11251400.0,0.0,5,1125140000.0
vco_current_min,9,3,0,0.05,0.04999221,-1.192034e-09,11251400.0,0.0,5,1125140000.0
vco_current_min,9,3,0,0.1,0.0999836,-9.40814e-10,11251400.0,0.0,5,1125140000.0
vco_current_min,9,3,0,0.15,0.1499857,-1.470864e-10,11253280.0,4203.807797699605,5,1125328000.0
vco_current_min,9,3,0,0.2,0.1999819,-5.782935e-10,11251400.0,0.0,5,1125140000.0
vco_current_min,9,3,0,0.25,0.2499741,-2.316734e-10,11251400.0,0.0,5,1125140000.0
vco_current_min,9,3,0,0.3,0.2999588,-4.943414e-10,11249380.0,4516.857314549575,5,1124938000.0
vco_current_min,9,3,0,0.35,0.3499975,-3.213491e-10,11245340.0,5531.997830802177,5,1124534000.0
vco_current_min,9,3,0,0.4,0.3999827,8.950268e-11,11237260.0,5531.997830802177,5,1123726000.0
vco_current_min,9,3,0,0.45,0.4499747,7.487491e-11,11225140.0,5531.997830802177,5,1122514000.0
vco_current_min,9,3,0,0.5,0.4999724,-2.005479e-09,11182000.0,4472.13595499958,5,1118200000.0
vco_current_min,9,3,0,0.55,0.5499673,-2.189536e-10,11069394.0,5040.097221284526,5,1106939400.0
vco_current_min,9,3,0,0.6,0.5999616,1.791775e-10,10935048.0,7273.755563668606,5,1093504800.0
vco_current_min,9,3,0,0.65,0.6499823,-1.712542e-10,10854344.0,925.7321426849129,5,1085434400.0
vco_current_min,9,3,0,0.7,0.6999701,1.492859e-10,10835006.0,4086.157118858745,5,1083500600.0
vco_current_min,9,3,0,0.75,0.7499718,5.493247e-10,10836060.0,0.0,5,1083606000.0
vco_current_min,9,4,0,0.0,-4.320667e-06,-1.884004e-09,11243320.0,4516.857314549575,5,1124332000.0
vco_current_min,9,4,0,0.05,0.049991,-1.35676e-09,11245340.0,5531.997830802177,5,1124534000.0
vco_current_min,9,4,0,0.1,0.0999834,-1.189491e-09,11245340.0,5531.997830802177,5,1124534000.0
vco_current_min,9,4,0,0.15,0.1499879,-2.031556e-09,11245340.0,5531.997830802177,5,1124534000.0
vco_current_min,9,4,0,0.2,0.1999815,-5.433136e-10,11247360.0,5531.997830802177,5,1124736000.0
vco_current_min,9,4,0,0.25,0.2499738,-2.100497e-10,11243320.0,4516.857314549575,5,1124332000.0
vco_current_min,9,4,0,0.3,0.2999599,-3.556932e-10,11243320.0,4516.857314549575,5,1124332000.0
vco_current_min,9,4,0,0.35,0.3499968,-9.366299e-11,11241300.0,0.0,5,1124130000.0
vco_current_min,9,4,0,0.4,0.3999826,-3.04177e-10,11233220.0,4516.857314549575,5,1123322000.0
vco_current_min,9,4,0,0.45,0.4499753,1.213025e-10,11219080.0,4516.857314549575,5,1121908000.0
vco_current_min,9,4,0,0.5,0.4999716,1.143064e-10,11168820.0,0.0,5,1116882000.0
vco_current_min,9,4,0,0.55,0.549967,8.933969e-10,11053960.0,5724.334022399462,5,1105396000.0
vco_current_min,9,4,0,0.6,0.5999613,-1.407266e-10,10885030.0,0.0,5,1088503000.0
vco_current_min,9,4,0,0.65,0.6499823,-6.059155e-11,10796586.0,2431.8881553229376,5,1079658600.0
vco_current_min,9,4,0,0.7,0.6999694,8.886647e-11,10778700.0,0.0,5,1077870000.0
vco_current_min,9,4,0,0.75,0.749971,4.100423e-10,10775920.0,6216.268977449416,5,1077592000.0
vco_current_min,9,5,0,0.0,-4.663772e-06,-1.977497e-09,11247360.0,5531.997830802177,5,1124736000.0
vco_current_min,9,5,0,0.05,0.04999212,-1.446435e-09,11243320.0,4516.857314549575,5,1124332000.0
vco_current_min,9,5,0,0.1,0.09998411,-9.490824e-10,11247360.0,5531.997830802177,5,1124736000.0
vco_current_min,9,5,0,0.15,0.1499844,-6.533416e-10,11245340.0,5531.997830802177,5,1124534000.0
vco_current_min,9,5,0,0.2,0.1999818,-3.811332e-10,11245340.0,5531.997830802177,5,1124534000.0
vco_current_min,9,5,0,0.25,0.2499752,-4.212012e-10,11241300.0,0.0,5,1124130000.0
vco_current_min,9,5,0,0.3,0.2999613,-2.469372e-10,11241300.0,0.0,5,1124130000.0
vco_current_min,9,5,0,0.35,0.349998,-1.00659e-10,11241300.0,0.0,5,1124130000.0
vco_current_min,9,5,0,0.4,0.3999826,-1.210107e-10,11233220.0,4516.857314549575,5,1123322000.0
vco_current_min,9,5,0,0.45,0.4499766,5.515921e-11,11215040.0,5531.997830802177,5,1121504000.0
vco_current_min,9,5,0,0.5,0.4999719,-9.04832e-11,11168578.0,8339.839326989459,5,1116857800.0
vco_current_min,9,5,0,0.55,0.5499663,4.498302e-11,11048832.0,5742.22256621946,5,1104883200.0
vco_current_min,9,5,0,0.6,0.5999623,-5.48676e-11,10883438.0,889.9550550449163,5,1088343800.0
vco_current_min,9,5,0,0.65,0.6499826,3.643724e-12,10780980.0,0.0,5,1078098000.0
vco_current_min,9,5,0,0.7,0.69997,6.724296e-11,10753200.0,0.0,5,1075320000.0
vco_current_min,9,5,0,0.75,0.7499725,3.763349e-10,10753200.0,0.0,5,1075320000.0
vco_current_min,9,6,0,0.0,-5.92196e-06,-2.006753e-09,11241300.0,0.0,5,1124130000.0
vco_current_min,9,6,0,0.05,0.04999109,-1.321779e-09,11241300.0,0.0,5,1124130000.0
vco_current_min,9,6,0,0.1,0.09998348,-9.554419e-10,11239280.0,4516.857314549575,5,1123928000.0
vco_current_min,9,6,0,0.15,0.1499854,-6.463458e-10,11239280.0,4516.857314549575,5,1123928000.0
vco_current_min,9,6,0,0.2,0.1999815,-4.758974e-10,11241300.0,0.0,5,1124130000.0
vco_current_min,9,6,0,0.25,0.2499751,-2.92729e-10,11237260.0,5531.997830802177,5,1123726000.0
vco_current_min,9,6,0,0.3,0.2999611,-1.928779e-10,11235240.0,5531.997830802177,5,1123524000.0
vco_current_min,9,6,0,0.35,0.3499969,-1.00659e-10,11233220.0,4516.857314549575,5,1123322000.0
vco_current_min,9,6,0,0.4,0.3999832,-1.229187e-10,11223120.0,4516.857314549575,5,1122312000.0
vco_current_min,9,6,0,0.45,0.4499751,-9.175515e-11,11208800.0,4919.349550499537,5,1120880000.0
vco_current_min,9,6,0,0.5,0.4999709,-2.942802e-11,11155938.0,673.6987457313543,5,1115593800.0
vco_current_min,9,6,0,0.55,0.549966,-2.243203e-11,11018910.0,7093.007119691902,5,1101891000.0
vco_current_min,9,6,0,0.6,0.5999619,-1.670822e-11,10821776.0,6135.770530259423,5,1082177600.0
vco_current_min,9,6,0,0.65,0.6499828,2.145145e-11,10716032.0,1100.1454449298965,5,1071603200.0
vco_current_min,9,6,0,0.7,0.6999698,9.522635e-11,10681294.0,11030.656372129448,5,1068129400.0
vco_current_min,9,6,0,0.75,0.749972,3.992307e-10,10676104.0,7810.523670023669,5,1067610400.0
vco_current_min,9,7,0,0.0,-5.006907e-06,-2.272601e-09,11239280.0,4516.857314549575,5,1123928000.0
vco_current_min,9,7,0,0.05,0.049991,-1.343404e-09,11241300.0,0.0,5,1124130000.0
vco_current_min,9,7,0,0.1,0.09998275,-9.668905e-10,11239280.0,4516.857314549575,5,1123928000.0
vco_current_min,9,7,0,0.15,0.1499837,-6.247216e-10,11235240.0,5531.997830802177,5,1123524000.0
vco_current_min,9,7,0,0.2,0.199982,-5.426776e-10,11231200.0,0.0,5,1123120000.0
vco_current_min,9,7,0,0.25,0.2499752,-3.626891e-10,11233220.0,4516.857314549575,5,1123322000.0
vco_current_min,9,7,0,0.3,0.2999593,-2.081417e-10,11231200.0,0.0,5,1123120000.0
vco_current_min,9,7,0,0.35,0.3499967,-1.648942e-10,11231200.0,0.0,5,1123120000.0
vco_current_min,9,7,0,0.4,0.3999828,-4.53276e-11,11225400.0,5321.184078755404,5,1122540000.0
vco_current_min,9,7,0,0.45,0.449975,-9.747897e-11,11206600.0,6024.948132556828,5,1120660000.0
vco_current_min,9,7,0,0.5,0.4999722,-1.04475e-10,11155446.0,550.0727224649482,5,1115544600.0
vco_current_min,9,7,0,0.55,0.5499664,-1.988804e-11,11010480.0,1475.8048651498611,5,1101048000.0
vco_current_min,9,7,0,0.6,0.5999609,-2.243197e-11,10803870.0,6326.195539184669,5,1080387000.0
vco_current_min,9,7,0,0.65,0.6499821,-1.162026e-11,10694012.0,5227.926931394509,5,1069401200.0
vco_current_min,9,7,0,0.7,0.6999705,1.009506e-10,10662078.0,7848.86424904903,5,1066207800.0
vco_current_min,9,7,0,0.75,0.7499714,4.100427e-10,10651458.0,1132.196979328244,5,1065145800.0
vco_current_min,9,8,0,0.0,-5.464433e-06,-1.927253e-09,11198000.0,4472.13595499958,5,1119800000.0
vco_current_min,9,8,0,0.05,0.04999135,-1.386016e-09,11200000.0,0.0,5,1120000000.0
vco_current_min,9,8,0,0.1,0.09998401,-9.427223e-10,11192000.0,4472.13595499958,5,1119200000.0
vco_current_min,9,8,0,0.15,0.1499842,-6.272658e-10,11196000.0,5477.2255750516615,5,1119600000.0
vco_current_min,9,8,0,0.2,0.1999811,-4.638133e-10,11190000.0,0.0,5,1119000000.0
vco_current_min,9,8,0,0.25,0.2499742,-2.97181e-10,11194000.0,5477.2255750516615,5,1119400000.0
vco_current_min,9,8,0,0.3,0.2999598,-2.132296e-10,11190000.0,0.0,5,1119000000.0
vco_current_min,9,8,0,0.35,0.3499972,-1.076549e-10,11182000.0,4472.13595499958,5,1118200000.0
vco_current_min,9,8,0,0.4,0.3999828,-1.159228e-10,11168820.0,0.0,5,1116882000.0
vco_current_min,9,8,0,0.45,0.4499757,-6.822336e-11,11150216.0,6824.623066514369,5,1115021600.0
vco_current_min,9,8,0,0.5,0.4999725,-1.025669e-10,11051400.0,0.0,5,1105140000.0
vco_current_min,9,8,0,0.55,0.5499657,7.869067e-11,10591680.0,6463.12617856096,5,1059168000.0
vco_current_min,9,8,0,0.6,0.5999614,-5.295962e-11,8966240.0,31769.06986362679,5,896624000.0
vco_current_min,9,8,0,0.65,0.6499826,3.989523e-11,7635076.0,21548.203637426486,5,763507600.0
vco_current_min,9,8,0,0.7,0.6999699,1.041305e-10,7346480.0,26646.63581017311,5,734648000.0
vco_current_min,9,8,0,0.75,0.7499714,2.803e-10,7306280.0,13036.771072623773,5,730628000.0
vco_current_min,9,9,0,0.0,-4.435045e-06,-1.962869e-09,11196000.0,5477.2255750516615,5,1119600000.0
vco_current_min,9,9,0,0.05,0.04999167,-1.318599e-09,11200000.0,0.0,5,1120000000.0
vco_current_min,9,9,0,0.1,0.09998284,-8.899341e-10,11192000.0,4472.13595499958,5,1119200000.0
vco_current_min,9,9,0,0.15,0.149985,-6.228137e-10,11196000.0,5477.2255750516615,5,1119600000.0
vco_current_min,9,9,0,0.2,0.1999812,-5.146935e-10,11194000.0,5477.2255750516615,5,1119400000.0
vco_current_min,9,9,0,0.25,0.2499753,-2.61565e-10,11192000.0,4472.13595499958,5,1119200000.0
vco_current_min,9,9,0,0.3,0.29996,-2.482092e-10,11188000.0,4472.13595499958,5,1118800000.0
vco_current_min,9,9,0,0.35,0.3499973,-3.938532e-10,11182000.0,4472.13595499958,5,1118200000.0
vco_current_min,9,9,0,0.4,0.3999822,-1.369105e-10,11175528.0,6123.538192907758,5,1117552800.0
vco_current_min,9,9,0,0.45,0.4499758,-7.585531e-11,11150216.0,6824.623066514369,5,1115021600.0
vco_current_min,9,9,0,0.5,0.4999711,-1.687102e-10,11040192.0,6301.771179597051,5,1104019200.0
vco_current_min,9,9,0,0.55,0.5499665,-2.716327e-12,10543528.0,7250.49791393667,5,1054352800.0
vco_current_min,9,9,0,0.6,0.599961,3.798736e-11,8784740.0,43023.46336593557,5,878474000.0
vco_current_min,9,9,0,0.65,0.649982,1.200303e-10,7390498.0,14966.74714158023,5,739049800.0
vco_current_min,9,9,0,0.7,0.6999704,2.081546e-11,7106892.0,11291.650455092913,5,710689200.0
vco_current_min,9,9,0,0.75,0.7499722,3.85239e-10,7034906.0,10196.017850121683,5,703490600.0
vco_current_min,9,10,0,0.0,-4.320609e-06,-1.973681e-09,11186000.0,5477.2255750516615,5,1118600000.0
vco_current_min,9,10,0,0.05,0.04999108,-1.240371e-09,11188000.0,4472.13595499958,5,1118800000.0
vco_current_min,9,10,0,0.1,0.09998379,-8.568622e-10,11186000.0,5477.2255750516615,5,1118600000.0
vco_current_min,9,10,0,0.15,0.1499845,-6.673337e-10,11184000.0,5477.2255750516615,5,1118400000.0
vco_current_min,9,10,0,0.2,0.199981,-4.561813e-10,11182000.0,4472.13595499958,5,1118200000.0
vco_current_min,9,10,0,0.25,0.2499739,-3.703212e-10,11180000.0,0.0,5,1118000000.0
vco_current_min,9,10,0,0.3,0.2999597,-2.151376e-10,11175528.0,6123.538192907758,5,1117552800.0
vco_current_min,9,10,0,0.35,0.3499969,-6.438015e-10,11171056.0,4999.84799768953,5,1117105600.0
vco_current_min,9,10,0,0.4,0.399982,-7.903525e-11,11158232.0,4029.394495454621,5,1115823200.0
vco_current_min,9,10,0,0.45,0.4499744,-7.26755e-11,11130240.0,0.0,5,1113024000.0
vco_current_min,9,10,0,0.5,0.4999709,1.572761e-11,11009820.0,1807.4844397670481,5,1100982000.0
vco_current_min,9,10,0,0.55,0.5499669,1.509154e-11,10337298.0,21246.696684426028,5,1033729800.0
vco_current_min,9,10,0,0.6,0.5999613,1.270261e-10,7815742.0,77415.47920151369,5,781574200.0
vco_current_min,9,10,0,0.65,0.6499827,-1.515384e-10,6212660.0,16454.640682798272,5,621266000.0
vco_current_min,9,10,0,0.7,0.6999691,5.261502e-11,5858270.0,10523.221940071397,5,585827000.0
vco_current_min,9,10,0,0.75,0.7499712,2.236966e-10,5795844.0,9654.806057088874,5,579584400.0
vco_current_min,9,11,0,0.0,-5.235663e-06,-1.842665e-09,11182000.0,4472.13595499958,5,1118200000.0
vco_current_min,9,11,0,0.05,0.04999167,-1.277259e-09,11180000.0,0.0,5,1118000000.0
vco_current_min,9,11,0,0.1,0.09998194,-8.549542e-10,11184000.0,5477.2255750516615,5,1118400000.0
vco_current_min,9,11,0,0.15,0.1499843,-6.876857e-10,11180000.0,0.0,5,1118000000.0
vco_current_min,9,11,0,0.2,0.1999814,-6.457097e-10,11180000.0,0.0,5,1118000000.0
vco_current_min,9,11,0,0.25,0.2499748,-1.960578e-10,11177764.0,4999.84799768953,5,1117776400.0
vco_current_min,9,11,0,0.3,0.29996,-2.329454e-10,11173292.0,6123.538192907758,5,1117329200.0
vco_current_min,9,11,0,0.35,0.3499977,7.233081e-11,11168820.0,0.0,5,1116882000.0
vco_current_min,9,11,0,0.4,0.3999837,-5.677545e-11,11156184.0,550.0727224649482,5,1115618400.0
vco_current_min,9,11,0,0.45,0.4499746,-1.248267e-10,11125224.0,6868.4408711147835,5,1112522400.0
vco_current_min,9,11,0,0.5,0.4999699,-7.839938e-11,10998752.0,5080.346444879522,5,1099875200.0
vco_current_min,9,11,0,0.55,0.5499672,-4.087573e-11,10312172.0,22132.155791969293,5,1031217200.0
vco_current_min,9,11,0,0.6,0.5999615,8.123482e-11,7590632.0,41054.62787555138,5,759063200.0
vco_current_min,9,11,0,0.65,0.6499819,1.505578e-10,5918054.0,16621.63590023557,5,591805400.0
vco_current_min,9,11,0,0.7,0.6999698,4.636846e-13,5548918.0,7270.083905980728,5,554891800.0
vco_current_min,9,11,0,0.75,0.7499721,8.234371e-10,5481708.0,12658.043687710988,5,548170800.0
vco_current_min,9,12,0,0.0,-4.320565e-06,-2.084346e-09,11168820.0,0.0,5,1116882000.0
vco_current_min,9,12,0,0.05,0.04999225,-1.163415e-09,11168820.0,0.0,5,1116882000.0
vco_current_min,9,12,0,0.1,0.09998333,-1.00823e-09,11168820.0,0.0,5,1116882000.0
vco_current_min,9,12,0,0.15,0.1499851,-5.528535e-10,11166342.0,5540.976448244479,5,1116634200.0
vco_current_min,9,12,0,0.2,0.1999809,-3.696852e-10,11166342.0,5540.976448244479,5,1116634200.0
vco_current_min,9,12,0,0.25,0.2499742,-4.701733e-10,11163864.0,6786.282487489008,5,1116386400.0
vco_current_min,9,12,0,0.3,0.2999591,-2.76829e-10,11168144.0,1511.5819527898577,5,1116814400.0
vco_current_min,9,12,0,0.35,0.3499973,-8.15792e-11,11155446.0,550.0727224649482,5,1115544600.0
vco_current_min,9,12,0,0.4,0.3999821,-4.787164e-11,11147724.0,6824.623066514369,5,1114772400.0
vco_current_min,9,12,0,0.45,0.4499748,-1.445425e-10,11105926.0,1216.4209797598855,5,1110592600.0
vco_current_min,9,12,0,0.5,0.4999696,-1.324588e-10,10960660.0,11795.261760554533,5,1096066000.0
vco_current_min,9,12,0,0.55,0.5499657,-5.868353e-11,10043456.0,35071.1089074754,5,1004345600.0
vco_current_min,9,12,0,0.6,0.599961,-4.278376e-11,6591134.0,68423.40045627665,5,659113400.0
vco_current_min,9,12,0,0.65,0.6499824,6.279108e-11,4511998.0,19791.655312277446,5,451199800.0
vco_current_min,9,12,0,0.7,0.6999693,1.670935e-10,4044764.0,8588.718181428472,5,404476400.0
vco_current_min,9,12,0,0.75,0.7499714,1.938052e-10,3969000.0,3780.0,5,396900000.0
vco_current_min,9,13,0,0.0,-4.77815e-06,-1.962869e-09,11171056.0,4999.84799768953,5,1117105600.0
vco_current_min,9,13,0,0.05,0.04998963,-1.363756e-09,11168820.0,0.0,5,1116882000.0
vco_current_min,9,13,0,0.1,0.09998403,-9.948746e-10,11163638.0,4029.394495454621,5,1116363800.0
vco_current_min,9,13,0,0.15,0.1499844,-6.736938e-10,11168820.0,0.0,5,1116882000.0
vco_current_min,9,13,0,0.2,0.1999802,-4.797134e-10,11163864.0,6786.282487489008,5,1116386400.0
vco_current_min,9,13,0,0.25,0.2499745,-3.02905e-10,11161386.0,6786.282487489008,5,1116138600.0
vco_current_min,9,13,0,0.3,0.2999602,-1.737981e-10,11156430.0,0.0,5,1115643000.0
vco_current_min,9,13,0,0.35,0.3499972,-9.747894e-11,11155200.0,0.0,5,1115520000.0
vco_current_min,9,13,0,0.4,0.399981,-9.429905e-11,11147724.0,6824.623066514369,5,1114772400.0
vco_current_min,9,13,0,0.45,0.4499749,-8.984716e-11,11104838.0,1489.8053564140519,5,1110483800.0
vco_current_min,9,13,0,0.5,0.4999706,2.491367e-10,10952384.0,11496.448582062201,5,1095238400.0
vco_current_min,9,13,0,0.55,0.5499659,1.445563e-11,9926922.0,40911.17109054689,5,992692200.0
vco_current_min,9,13,0,0.6,0.5999616,1.658219e-10,6304226.0,22772.917687463767,5,630422600.0
vco_current_min,9,13,0,0.65,0.649982,2.463144e-11,4143356.0,16626.95492265496,5,414335600.0
vco_current_min,9,13,0,0.7,0.6999691,6.823625e-12,3651004.0,9419.019588046305,5,365100400.0
vco_current_min,9,13,0,0.75,0.7499716,3.311796e-10,3560367.6,7214.883838288735,5,356036760.0
vco_current_min,9,14,0,0.0,-5.464477e-06,-1.91962e-09,11156718.0,2110.751051166385,5,1115671800.0
vco_current_min,9,14,0,0.05,0.04999168,-1.155783e-09,11155692.0,673.6987457313543,5,1115569200.0
vco_current_min,9,14,0,0.1,0.09998223,-1.02413e-09,11155938.0,673.6987457313543,5,1115593800.0
vco_current_min,9,14,0,0.15,0.1499837,-6.368057e-10,11155446.0,550.0727224649482,5,1115544600.0
vco_current_min,9,14,0,0.2,0.1999813,-7.608261e-10,11155692.0,673.6987457313543,5,1115569200.0
vco_current_min,9,14,0,0.25,0.2499745,-4.072092e-10,11155446.0,550.0727224649482,5,1115544600.0
vco_current_min,9,14,0,0.3,0.299959,-1.661662e-10,11152708.0,5572.281399929476,5,1115270800.0
vco_current_min,9,14,0,0.35,0.3499971,-2.304014e-10,11145232.0,5572.281399929476,5,1114523200.0
vco_current_min,9,14,0,0.4,0.3999823,5.070719e-11,11127732.0,5608.058487569472,5,1112773200.0
vco_current_min,9,14,0,0.45,0.4499742,-9.938708e-11,11087622.0,5537.2303546087005,5,1108762200.0
vco_current_min,9,14,0,0.5,0.4999719,1.880816e-10,10906486.0,11994.268631308873,5,1090648600.0
vco_current_min,9,14,0,0.55,0.549966,-1.540824e-10,9490500.0,78427.82191289007,5,949050000.0
vco_current_min,9,14,0,0.6,0.5999617,7.459561e-12,4919716.0,84716.44161554474,5,491971600.0
vco_current_min,9,14,0,0.65,0.6499826,1.531019e-10,2128900.6,9768.265495982385,5,212890060.0
vco_current_min,9,14,0,0.7,0.69997,7.296691e-11,1421539.0,3419.2080223349967,5,142153900.0
vco_current_min,9,14,0,0.75,0.7499716,4.049544e-10,1304023.6,2140.9569822861927,5,130402360.00000001
vco_current_min,9,15,0,0.0,-5.12127e-06,-2.157485e-09,11155446.0,550.0727224649482,5,1115544600.0
vco_current_min,9,15,0,0.05,0.04999132,-1.277259e-09,11155938.0,673.6987457313543,5,1115593800.0
vco_current_min,9,15,0,0.1,0.09998304,-6.501616e-10,11155200.0,0.0,5,1115520000.0
vco_current_min,9,15,0,0.15,0.1499855,-5.878336e-10,11155446.0,550.0727224649482,5,1115544600.0
vco_current_min,9,15,0,0.2,0.199982,-6.368056e-10,11155200.0,0.0,5,1115520000.0
vco_current_min,9,15,0,0.25,0.2499738,-4.281971e-10,11152708.0,5572.281399929476,5,1115270800.0
vco_current_min,9,15,0,0.3,0.2999596,-2.361253e-10,11145232.0,5572.281399929476,5,1114523200.0
vco_current_min,9,15,0,0.35,0.3499971,-8.603114e-11,11140240.0,5590.169943749474,5,1114024000.0
vco_current_min,9,15,0,0.4,0.3999822,-1.661662e-10,11120208.0,5608.058487569472,5,1112020800.0
vco_current_min,9,15,0,0.45,0.4499756,-1.941498e-10,11083486.0,6950.599254740558,5,1108348600.0
vco_current_min,9,15,0,0.5,0.4999709,9.204659e-11,10884234.0,1089.9678894352805,5,1088423400.0
vco_current_min,9,15,0,0.55,0.5499661,2.294209e-10,9450150.0,76726.22693707804,5,945015000.0
vco_current_min,9,15,0,0.6,0.5999607,1.028584e-10,4604044.0,90299.84955690679,5,460404400.0
vco_current_min,9,15,0,0.65,0.6499823,1.168502e-10,1575166.2,18031.005468359217,5,157516620.0
vco_current_min,9,15,0,0.7,0.6999691,-8.142496e-10,774358.62,3033.6638874469804,5,77435862.0
vco_current_min,9,15,0,0.75,0.7499721,3.210037e-10,628431.74,1849.3714440316908,5,62843174.0
