vco_tune_coarse,vco_current_min,vco_current_max,vctrl_set,vctrl_meas,i_ctrl,f_meas,f_std,n_valid,f_vco,duty
8,12,0,0.0,-8.095085e-06,-5.895867e-12,20001960.0,6198.0642139300235,10,2000196000.0,49.74958
8,12,0,0.025,0.02498661,2.290041e-09,19999960.0,9334.19043683549,10,1999996000.0,50.0
8,12,0,0.05,0.04998907,4.586611e-09,20003920.0,8264.085618573365,10,2000392000.0,50.0
8,12,0,0.075,0.07498824,6.754712e-09,20009800.0,10330.107023216706,10,2000980000.0,49.5
8,12,0,0.1,0.09997926,9.070361e-09,20005880.0,9467.6994741771,10,2000588000.0,49.833333333333336
8,12,0,0.125,0.1249815,1.123592e-08,19999960.0,9334.19043683549,10,1999996000.0,50.0
8,12,0,0.15,0.1499802,1.358019e-08,20001920.0,11212.374116721816,10,2000192000.0,49.833333333333336
8,12,0,0.175,0.1749764,1.581443e-08,20005880.0,9467.6994741771,10,2000588000.0,49.666666666666664
8,12,0,0.2,0.1999771,1.801497e-08,20003920.0,8264.085618573365,10,2000392000.0,49.750413333333334
8,12,0,0.225,0.224973,2.023839e-08,20001960.0,6198.0642139300235,10,2000196000.0,50.0
8,12,0,0.25,0.2499701,2.255341e-08,20003920.0,8264.085618573365,10,2000392000.0,49.666666666666664
8,12,0,0.275,0.274964,2.476412e-08,20001960.0,6198.0642139300235,10,2000196000.0,49.74958
8,12,0,0.3,0.2999556,2.744419e-08,20003920.0,8264.085618573365,10,2000392000.0,49.666666666666664
8,12,0,0.325,0.3249922,2.81069e-08,20017640.0,6198.0642139300235,10,2001764000.0,50.0
8,12,0,0.35,0.349994,3.151328e-08,20003920.0,8264.085618573365,10,2000392000.0,49.833333333333336
8,12,0,0.375,0.3749855,3.372335e-08,20003920.0,8264.085618573365,10,2000392000.0,49.833333333333336
8,12,0,0.4,0.399979,3.598049e-08,19999960.0,9334.19043683549,10,1999996000.0,50.0
8,12,0,0.425,0.4249738,3.825986e-08,20001920.0,11212.374116721816,10,2000192000.0,50.0
8,12,0,0.45,0.4499726,4.047248e-08,19998000.0,6324.555320336759,10,1999800000.0,49.666666666666664
8,12,0,0.475,0.4749738,4.273534e-08,20001960.0,6198.0642139300235,10,2000196000.0,49.833333333333336
8,12,0,0.5,0.4999682,4.505102e-08,20003920.0,8264.085618573365,10,2000392000.0,49.750413333333334
8,12,0,0.525,0.5249628,4.727379e-08,20001960.0,6198.0642139300235,10,2000196000.0,49.666666666666664
8,12,0,0.55,0.5499633,4.948834e-08,20003920.0,8264.085618573365,10,2000392000.0,50.0
8,12,0,0.575,0.5749559,5.182113e-08,20007800.0,13793.718377097115,10,2000780000.0,50.0
8,12,0,0.6,0.5999573,5.392309e-08,20001960.0,6198.0642139300235,10,2000196000.0,50.0
8,12,0,0.625,0.6249862,5.627883e-08,20001920.0,11212.374116721816,10,2000192000.0,50.0
8,12,0,0.65,0.6499784,5.847998e-08,20003920.0,8264.085618573365,10,2000392000.0,50.0
8,12,0,0.675,0.6749718,6.081534e-08,20001960.0,6198.0642139300235,10,2000196000.0,49.5
8,12,0,0.7,0.6999651,6.304896e-08,20001960.0,6198.0642139300235,10,2000196000.0,49.666666666666664
8,12,0,0.725,0.7249634,6.527112e-08,20005840.0,13314.920619782572,10,2000584000.0,49.833333333333336
8,12,0,0.75,0.7499671,6.751741e-08,20001960.0,6198.0642139300235,10,2000196000.0,50.0
